normalized_description,total_units_sold,total_income,total_cost,total_margin,avg_ticket_price,sale_frequency_days
1.5in low pro tdu belt black l,2,1189.66,728.446388,461.2136120000001,594.83,0
1.5in low pro tdu belt black m,4,2189.66,1388.271332,801.388668,547.415,0
1.5in low pro tdu belt kangaroo m,2,1189.66,663.988522,525.6714780000001,594.83,0
2 banger double tap 1 sz,4,5482.72,3173.992904,2308.727096,1370.68,0
2 banger double tap 1sz,28,38379.32000000001,22217.950328000003,16161.369672,1370.69,3
28 single rifle case black 1sz,2,3568.96,1859.634766,1709.3252340000001,1784.48,1
3 pack pt ankle sock black l,2,775.86,387.923398,387.936602,387.93,0
3 pack pt ankle sock white l,2,775.86,387.923398,387.936602,387.93,0
5.11 a/t 6 dark coyote 10 r,2,6000.0,4332.81261,1667.18739,3000.0,1
5.11 a/t 6 dark coyote 7 r,2,7500.0,3806.015392,3693.984608,3750.0,1
5.11 a/t 6 dark coyote 7.5 r,2,7500.0,3624.738148,3875.261852,3750.0,1
5.11 a/t 6 sz black 5 r,31,123664.58,72324.46806,51340.11194,3989.18,1
5.11 a/t 6 sz black 6 r,79,315145.22,176556.764171,138588.455829,3989.18,1
5.11 a/t 6 szâ  black 11 r,2,5692.92,3827.251134,1865.668866,2846.46,0
5.11 a/t 6 szâ  black 5 r,2,7978.36,4773.848772,3204.5112279999994,3989.18,0
5.11 a/t 6 szâ  black 8 r,4,14793.08,7176.142508,7616.937492,3698.27,0
5.11 a/t 6 szâ  black 9 r,2,7396.54,3831.374984,3565.165016,3698.27,0
5.11 a/t 8 black 11 r,2,7724.12,4499.868312,3224.2516880000003,3862.06,0
5.11 a/t 8 black 6 r,4,15448.24,8999.736624,6448.503376000001,3862.06,2
5.11 a/t 8 dark coyote 10 r,68,45770.09,32442.664916,13327.425084,2806.2775,1
5.11 a/t 8 dark coyote 10.5 r,43,23626.350000000002,16063.304116,7563.045884000003,549.45,0
5.11 a/t 8 dark coyote 11 r,2,6083.88,4499.902282,1583.977718,3041.94,0
5.11 a/t 8 dark coyote 11.5 r,43,189011.22999999998,155909.523109,33101.70689099998,4395.61,0
5.11 a/t 8 dark coyote 5 r,6,18251.64,13757.348478,4494.2915219999995,3041.94,0
5.11 a/t 8 dark coyote 6 r,4,12167.76,9171.490264,2996.269736,3041.94,0
5.11 a/t 8 dark coyote 6.5 r,37,94871.7,70197.922846,24673.777153999996,2564.1,0
5.11 a/t 8 dark coyote 7 r,16,17908.91,11618.274117,6290.635883,2828.8775,0
5.11 a/t 8 dark coyote 7.5 r,3,10766.06,5601.844026,5164.215974,3588.6866666666665,1
5.11 a/t 8 dark coyote 8 r,14,28420.21,17737.43712,10682.77288,3154.5099999999998,2
5.11 a/t 8 dark coyote 8.5 r,23,12637.35,10424.234685,2213.115315000001,549.45,0
5.11 a/t 8 dark coyote 9 r,11,20146.64,13969.121275,6177.518725,2828.8775,1
5.11 a/t 8 dark coyote 9.5 r,6,3296.7000000000003,2719.36557,577.3344300000003,549.45,0
5.11 a/t 8 sz black 11 r,2,7879.3,4588.157642,3291.142358,3939.65,0
5.11 a/t 8 sz black 6 r,2,7879.32,4588.05573,3291.2642699999997,3939.66,1
5.11 a/t 8 sz black 9 r,2,7879.3,3807.779042,4071.520958,3939.65,1
5.11 a/t 8 sz black 9.5 r,2,7879.3,3807.779042,4071.520958,3939.65,0
5.11 a/t mid black 10 r,2,7051.72,3803.540336,3248.1796640000002,3525.86,0
5.11 a/t mid black 8 r,2,7051.72,3715.987236,3335.7327640000003,3525.86,1
5.11 a/t mid black 9 r,8,29029.300000000003,14844.883096,14184.416904000002,3628.6625000000004,1
5.11 a/t trainer black 10 r,1,1.0,1681.222617,-1680.222617,1.0,0
5.11 a/t trainer black 7.5 r,1,1.0,1506.471381,-1505.471381,1.0,0
5.11 boonie hat black l/xl,2,1465.52,947.21326,518.30674,732.76,1
5.11 boonie hat multi blk multi l/xl,2,1706.88,1180.82439,526.0556100000001,853.44,1
5.11 boonie hat multicam blk multicam s/,2,1706.9,1180.82439,526.0756100000001,853.45,0
5.11 boonie hat tdu khaki s/m,6,5586.18,3068.801808,2517.378192,931.03,1
5.11 hooded ls tee l,2,1810.34,846.361484,963.9785159999999,905.17,0
5.11 safe 3.4 n bdge wlet black 1 sz,2,2568.96,1457.437478,1111.522522,1284.48,0
5.11 scope hoodie heather grey l,2,2396.56,892.008366,1504.551634,1198.28,0
5.11 scope hoodie ranger green xl,2,2396.56,892.008366,1504.551634,1198.28,0
5.11 scope patch black 1 sz,2,379.32,155.7776,223.5424,189.66,0
5.11 scope patch black 1sz,4,758.64,311.5552,447.0848,189.66,1
5.11 scope s/s tee black l,2,1386.2,755.083572,631.116428,693.1,0
5.11 scope s/s tee pacific navy l,2,1386.2,755.083572,631.116428,693.1,0
5.11 scope s/s tee pacific navy xl,2,1379.32,755.083572,624.2364279999999,689.66,1
5.11 tomcat flag patch multi 1sz,2,379.3,334.6384,44.66160000000002,189.65,0
6.6 med pouch black 1 sz,2,1810.34,1021.278758,789.0612419999999,905.17,0
6.6 med pouch black 1sz,2,1810.34,1021.278758,789.0612419999999,905.17,0
80s shall we play patch multi 1sz,4,620.68,367.0696,253.61039999999997,155.17,1
abr island-nade ss tee black s,2,1034.48,532.135278,502.34472200000005,517.24,1
abr plate carrier black 1 sz,2,7327.58,4045.067224,3282.512776,3663.79,1
abr pro pant black 32 32,2,3086.2,1636.544636,1449.6553639999997,1543.1,1
abr pro pant black 34 32,4,6172.4,3231.15798,2941.2420199999997,1543.1,1
abr pro pant black 36 32,4,6172.4,3211.76608,2960.6339199999998,1543.1,1
abr pro pant dark navy 30 30,2,3086.2,1464.717284,1621.4827159999998,1543.1,0
abr pro pant dark navy 30 32,2,3086.2,1691.868556,1394.331444,1543.1,0
abr pro pant dark navy 32 32,4,6172.4,3336.2146860000003,2836.1853139999994,1543.1,0
abr pro pant dark navy 34 32,6,9258.599999999999,5092.085238,4166.514761999999,1543.0999999999997,1
abr pro pant dark navy 36 32,4,6172.4,3391.515264,2780.8847359999995,1543.1,0
abr pro pant kangaroo 32 30,2,3086.2,1488.112442,1598.0875579999997,1543.1,0
abr pro pant kangaroo 32 32,2,3086.2,1513.922862,1572.277138,1543.1,0
abr pro pant kangaroo 36 32,4,6172.4,3153.620184,3018.7798159999998,1543.1,0
abr pro pant khaki 32 30,2,3539.66,1535.304818,2004.3551819999998,1769.83,0
abr pro pant khaki 32 32,1,1.0,810.658509,-809.658509,1.0,0
abr pro pant khaki 34 32,2,3086.2,1621.317018,1464.8829819999999,1543.1,1
abr pro pant khaki 36 32,2,3086.2,1621.317078,1464.8829219999998,1543.1,1
abr pro pant ranger green 32 32,3,3087.2,2302.608043,784.5919569999998,1029.0666666666666,0
abr pro pant ranger green 34 32,2,3086.2,1621.317018,1464.8829819999999,1543.1,0
abr pro pant ranger green 36 32,2,3086.2,1483.176428,1603.0235719999998,1543.1,0
adelita gnome patch green 1 sz,2,284.48,153.3122,131.16780000000003,142.24,0
adventure primaloft vest pecan l,2,4293.1,1944.785952,2348.314048,2146.55,1
adventure primaloft vest pecan m,2,4293.1,1944.814334,2348.2856660000007,2146.55,1
alpha acorn ss tee,2,1120.7,602.288258,518.411742,560.35,0
alta belt black xl,4,3486.2799999999997,2100.194268,1386.0857319999998,897.1366666666667,1
alta belt coyote m,2,1896.54,1015.692914,880.847086,948.27,0
always be thankful patch khaki 1sz,10,1896.6,855.88977,1040.71023,189.66,3
always ready s/s tee heather grey l,4,1844.8,1071.2248,773.5752,461.2,1
america beautiful ss tee black m,2,922.4,423.001,499.399,461.2,0
american flag stix patch khaki 1sz,2,362.06,194.37827,167.68173000000002,181.03,1
apex pant battle brown 34 32,2,3879.32,2382.3104,1497.0096000000003,1939.66,1
apex pant battle brown 36 32,4,7758.620000000001,4232.342221999999,3526.2777780000006,1939.6550000000002,1
apex pant battle brown 38 32,4,7758.6,3700.063644,4058.5363560000005,1939.65,0
apex pant black 30 30,2,3879.3,1850.046018,2029.2539820000002,1939.65,1
apex pant black 32 30,2,4470.7,1850.031822,2620.668178,2235.35,0
apex pant black 32 32,2,4470.7,1850.031822,2620.668178,2235.35,0
apex pant black 34 32,2,3879.3,2047.97928,1831.3207200000002,1939.65,0
apex pant burnt 30 30,2,3879.32,1858.47463,2020.8453700000002,1939.66,0
apex pant burnt 30 32,2,3879.3,1850.088572,2029.211428,1939.65,0
apex pant burnt 32 30,4,8350.02,3696.322908,4653.697092,2087.505,0
apex pant burnt 32 32,2,3879.32,1805.697488,2073.622512,1939.66,1
apex pant burnt 34 32,4,7758.64,4277.270496,3481.3695040000002,1939.66,1
apex pant dark navy 30 30,2,3879.3,1850.088572,2029.211428,1939.65,0
apex pant dark navy 32 30,2,3879.3,1850.031822,2029.2681780000003,1939.65,0
apex pant dark navy 32 32,4,7758.6,3700.063644,4058.5363560000005,1939.65,0
apex pant dark navy 34 32,4,7758.64,4402.129984,3356.510016,1939.66,0
apex pant dark navy 36 32,7,13231.630000000001,6475.111376999999,6756.518623000001,1890.2328571428573,1
apex pant dark navy 38 32,2,3879.3,2019.306736,1859.9932640000002,1939.65,0
apex pant khaki 30 30,2,3879.3,1850.088572,2029.211428,1939.65,0
apex pant khaki 32 30,2,3879.32,1824.777372,2054.542628,1939.66,1
apex pant khaki 32 32,2,3879.32,2054.413894,1824.9061060000004,1939.66,0
apex pant khaki 34 32,2,4470.68,2382.28,2088.4,2235.34,0
apex pant khaki 36 32,2,3315.74,2261.48,1054.2599999999998,1657.87,0
apex pant ranger green 30 32,2,3879.3,1850.088572,2029.211428,1939.65,0
apex pant ranger green 32 32,2,3879.3,2084.511276,1794.788724,1939.65,0
apex pant ranger green 40 32,2,3879.3,1824.890744,2054.409256,1939.65,1
apex pant storm 32 32,2,3879.3,2047.97928,1831.3207200000002,1939.65,0
apex pant storm 36 32,3,5473.030000000001,2972.9950129999997,2500.034987,1824.3433333333335,1
apex pant storm 40 32,2,3879.3,2047.979992,1831.3200080000001,1939.65,1
apex pant tdu green 32 30,2,4470.7,1862.527712,2608.1722879999998,2235.35,0
apex pant tdu green 32 32,2,3879.3,1900.292724,1979.0072760000003,1939.65,1
apex pant tdu green 34 32,2,3879.3,1862.527712,2016.7722880000001,1939.65,0
apex pant tundra 32 32,2,3879.3,1850.031822,2029.2681780000003,1939.65,0
apex pant tundra 34 32,2,3879.3,1850.031822,2029.2681780000003,1939.65,1
apex pant volcanic 32 30,2,4470.7,1850.031822,2620.668178,2235.35,0
apex pant volcanic 32 32,2,3879.3,1850.031822,2029.2681780000003,1939.65,0
apex pant volcanic 34 32,10,19396.56,10846.913315999998,8549.646684000001,1939.6560000000002,4
apex pant volcanic 36 32,3,5473.030000000001,2775.047733,2697.9822670000003,1824.3433333333335,1
astro tiger patch multi 1 sz,2,253.44,167.0044,86.4356,126.72,0
atac 2.0 6 sz desert dark coyote 8.5 r,2,5310.34,3281.967414,2028.372586,2655.17,1
atac 2.0 8 black 10 r,581,1549916.27,1070670.132035,479246.13796500006,2667.67,0
atac 2.0 8 black 11 r,567,1512568.8900000001,1040177.4156899999,472391.4743100001,2667.67,0
atac 2.0 8 black 12 r,341,909675.47,623395.495162,286279.97483799997,2667.67,0
atac 2.0 8 black 13 r,141,376141.47000000003,257606.56868100003,118534.90131900001,2667.67,0
atac 2.0 8 black 14 r,10,26676.7,18480.059670000002,8196.640329999998,2667.67,0
atac 2.0 8 black 15 r,10,26676.699999999997,18247.25408,8429.445919999998,2667.67,0
atac 2.0 8 black 5 r,25,66691.75,46345.59515,20346.15485,2667.67,0
atac 2.0 8 black 6 r,125,333458.75,231727.89187500003,101730.858125,2667.67,0
atac 2.0 8 black 7 r,204,544204.6799999999,378179.92933199997,166024.750668,2667.67,0
atac 2.0 8 black 8 r,279,744789.41,517216.762388,227572.64761200003,2752.5833333333335,0
atac 2.0 8 black 9 r,284,757618.28,526485.9055240001,231132.37447600003,2667.67,0
atac 2.0 8 black 9 w,220,586887.4,407841.25162,179046.14838000003,2667.67,0
atac 2.0 8 storm black 11.5r,20,61451.0,45010.57414,16440.425860000003,3072.55,0
atac 2.0 8 storm black 4 r,2,6104.58,4285.407196,1819.1728039999998,3052.29,1
atac 2.0 8 storm black 5 r,10,30644.460000000003,22378.421248,8266.038752000002,3062.42,1
atac 2.0 8'' black 11 r,2,4531.1,3045.554722,1485.5452780000005,2265.55,0
base 2bk utility folder tumbld steel 1sz,2,896.56,419.556546,477.0034539999999,448.28,0
base 3dp tumbld steel 1 sz,2,913.78,887.87412,25.905880000000025,456.89,1
basic patrol bag black 1 sz,2,2015.32,2447.422,-432.1020000000001,1007.66,0
basic patrol bag black 1sz,1,1119.62,842.455148,277.1648519999999,1119.62,0
battle tested ls tee black m,2,1293.1,715.558694,577.541306,646.55,0
battle tested ls tee black s,2,1293.1,715.558694,577.541306,646.55,1
beer can shooting ls tee navy l,2,1551.72,732.1596,819.5604000000001,775.86,1
beer can shooting ls tee navy m,2,1551.72,732.1596,819.5604000000001,775.86,0
big horn jacket black m,36,64050.840000000004,49298.514444,14752.325556000003,1779.19,1
big horn jacket black s,41,72946.79000000001,56145.296065,16801.493935000006,1779.19,1
big horn jacket dark navy 2xl,42,98361.20000000001,49871.637899999994,48489.5621,2189.7400000000002,1
big horn jacket dark navy l,154,360801.69999999995,174049.42893799997,186752.271062,2189.7400000000002,2
big horn jacket dark navy m,170,398601.69999999995,191364.818,207236.882,2189.7400000000002,1
big horn jacket dark navy s,279,477800.25999999995,332929.756422,144870.50357799997,2039.17,1
big horn jacket dark navy xl,104,244404.3,119133.65047999998,125270.64952,2218.5333333333333,1
big horn jacket dark navy xs,75,112581.0,89497.24635,23083.75365,1501.08,0
bike cop patch black 1 sz,4,603.44,310.3236,293.11640000000006,150.86,1
bike patrol pant dark navy 30 30,3,5722.9800000000005,5415.437568,307.5424320000002,1907.66,0
blood type patch kit a positive,4,655.16,295.986192,359.17380799999995,163.79,0
"bolo machete,fb,pe,blk/blk,e3/12,equ673",2,3017.24,1671.934066,1345.3059339999998,1508.62,1
branches usa flag cap black 1 sz,4,2517.24,1179.93212,1337.3078799999998,629.31,0
braxton jacket black m,2,7396.54,3383.8629,4012.6771,3698.27,0
braxton jacket grenade m,4,14793.12,6989.11002,7804.009980000001,3698.28,1
braxton jacket grenade s,4,14793.12,8396.707912,6396.412088000001,3698.28,1
brewed grnds to go patch green 1 sz,4,603.44,310.31,293.13000000000005,150.86,2
brewing up victory l/s t black m,2,1551.72,714.2344,837.4856,775.86,0
bullet brain patch green 1 sz,2,327.58,189.648,137.932,163.79,0
bullet brew patch black 1sz,6,1137.96,513.519768,624.4402319999999,189.66,1
bullet donut pumpkn patch,2,362.06,181.92555,180.13445000000002,181.03,0
calacuerno tee black m,2,1189.66,646.856496,542.8035040000001,594.83,0
calacuerno tee black s,2,1189.66,646.856496,542.8035040000001,594.83,1
calcetin bota combate ts azul 10-12,34,3810.3799999999997,2001.55059,1808.8294099999998,112.07000000000001,3
calcetin bota combate ts azul 8-10,54,6051.78,3327.1553519999998,2724.6246479999995,112.07,4
calcetin bota combate ts azul 9-11,26,2913.8199999999997,1595.6604040000002,1318.1595959999997,112.07,6
calcetin bota combate ts beige 8-10,28,3137.96,1725.178078,1412.781922,112.07,2
calcetin bota combate ts negro 10-12,38,4258.66,2336.315012,1922.3449879999996,112.07000000000001,3
calcetin bota combate ts negro 8-10,102,11431.14,6247.813548,5183.326451999999,112.07,8
calcetin bota combate ts negro 9-11,53,5828.639999999999,3248.256845,2580.383155,108.89657142857142,7
calcetin bota de combate beige 10-12,36,4034.5199999999995,2209.939704,1824.5802959999996,112.06999999999998,3
calcetin bota de combate beige 9-11,14,1568.98,854.51527,714.4647299999999,112.07,4
calcetin deporte talonera bs blan 9-11,8,793.12,430.70236,362.41764000000006,99.14,2
calcetin deporte talonera bs gris 9-11,16,1586.24,861.40472,724.83528,99.14,4
calcetin deporte talonera bs negro 10-12,20,1982.8,1076.7559,906.0441000000001,99.14,1
calcetin deporte talonera bs negro 9-11,8,793.12,430.70236,362.41764,99.14,2
camo crest s/s tee black l,2,1336.2,734.383902,601.816098,668.1,0
camo crest s/s tee black m,4,2672.4,1468.767804,1203.632196,668.1,0
camp field axe s/s tee black l,6,2767.2,1606.8372,1160.3627999999999,461.2,2
camp field axe s/s tee black m,4,1844.8,1071.2248,773.5752,461.2,1
camp field axe s/s tee black s,2,922.4,535.6124,386.7876,461.2,0
cancer zodiac patch red 1 sz,2,310.34,183.5348,126.80519999999999,155.17,0
cancer zodiac patch red 1sz,4,620.68,367.0696,253.61039999999997,155.17,1
"carabiner, ps auto red, cmc",2,2379.32,1302.419068,1076.9009320000002,1189.66,0
celtic dog patch brown 1sz,6,1293.06,1227.0077999999999,66.05220000000003,215.51,1
cfk 4 kangaroo 1 sz,4,6482.72,3078.137596,3404.582404,1620.68,1
cfk 7 peacemaker kangaroo 1 sz,2,5603.44,2644.048748,2959.3912519999994,2801.72,1
chameleon softshell 2.0 black l,2,6706.9,3634.00131,3072.8986899999995,3353.45,1
chameleon softshell 2.0 black m,6,20120.699999999997,10829.240424,9291.459576,3353.45,0
chameleon softshell 2.0 black s,4,13413.779999999999,7294.476638,6119.303362000001,3353.4449999999997,0
chameleon softshell 2.0 black xl,2,6706.9,3707.457078,2999.4429219999997,3353.45,1
chameleon softshell 2.0 dark navy l,2,6706.9,3760.262524,2946.6374759999994,3353.45,1
chameleon softshell 2.0 ranger green l,2,6706.9,3382.98027,3323.9197299999996,3353.45,1
chameleon softshell 2.0 ranger green m,4,13413.76,9227.593605999999,4186.166394,3353.44,0
chameleon softshell 2.0 ranger green s,2,6706.88,3183.692528,3523.187472,3353.44,0
charge mpls black,2,5413.8,2288.833766,3124.966234,2706.9,0
cinco once s/s tee heather grey m,2,991.36,584.44893,406.91107,495.68,0
close only counts patch,2,448.26,161.033172,287.22682799999995,224.13,0
club ruck s/s tee black l,6,2767.2,1606.8372,1160.3627999999999,461.2,0
club ruck s/s tee black m,2,922.4,535.6124,386.7876,461.2,0
club ruck s/s tee black xl,2,922.4,535.6124,386.7876,461.2,0
comfort mask dpp 2pk green l,2,801.72,505.181,296.53900000000004,400.86,0
comfort mask dpp 2pk green m,2,801.72,505.181,296.53900000000004,400.86,0
comfort mask sol 1pk navy blue l,4,568.96,358.376,210.58400000000006,142.24,2
comfort mask sol 2pk black m,2,481.02,257.44,223.57999999999998,240.51,0
competition shooting glv kangaroo 2xl,2,1586.2,913.32205,672.87795,793.1,1
competition shooting glv kangaroo l,2,1586.2,913.271808,672.9281920000001,793.1,1
competition shooting glv kangaroo xl,2,1586.2,913.305302,672.8946980000001,793.1,1
competition shtg glv 2.0 019 black xl,15,9262.35,7513.742655,1748.6073450000004,617.49,0
conquered patch blue 1sz,2,318.96,189.956,129.004,159.48,0
covrt18 2.0 black 1 sz,2,6189.64,3166.03118,3023.6088200000004,3094.82,1
covrt18 2.0 black 1sz,2,6189.64,3227.014582,2962.6254180000005,3094.82,0
covrt18 2.0 coyote 1 sz,2,6189.64,3165.97515,3023.66485,3094.82,0
daily deploy push pack black 1sz,2,2913.8,1659.666674,1254.1333260000001,1456.9,1
decoy convertible pant rngr green 34 32,2,3448.26,1851.516634,1596.7433660000002,1724.13,0
defender-flex slim jean dw indigo 36 32,2,3706.88,1703.293022,2003.586978,1853.44,0
defender-flex slim jean dw indigo 38 32,2,3706.88,1729.890582,1976.9894180000001,1853.44,0
defender-flex slim jean dw indigo 40 32,2,3706.88,1730.066724,1976.813276,1853.44,1
defender-flex slim jean sw charc 30 32,2,3706.88,1729.890582,1976.9894180000001,1853.44,0
defender-flex slim jean sw charc 34 32,2,3706.88,1729.949296,1976.930704,1853.44,0
defender-flex slim jean sw charc 36 32,4,7413.76,3459.957308,3953.802692,1853.44,0
defender-flex slim jean sw indigo 32 32,2,3706.88,1729.949296,1976.930704,1853.44,0
defender-flex slim jean sw indigo 34 32,4,7413.76,3459.898592,3953.861408,1853.44,1
defender-flex slim jean sw indigo 36 32,4,7413.76,3459.957308,3953.802692,1853.44,0
division digital black 1 sz,2,4741.38,2291.0672,2450.3128,2370.69,0
don't thread patch green 1sz,2,336.2,177.0404,159.15959999999998,168.1,1
doohickey clipkey key tool black,2,181.04,99.38545,81.65454999999999,90.52,0
double duty tdu belt 1.75,18,12037.939999999999,6709.978546,5327.961453999998,668.7744444444444,1
double pistol case black 1 sz,2,1896.56,935.90424,960.65576,948.28,0
double pistol case kangaroo 1 sz,2,1896.56,935.90424,960.65576,948.28,0
double pistol case ranger green 1 sz,2,1896.56,935.90424,960.65576,948.28,1
dredger 7in short black 36,2,2568.96,1113.507854,1455.452146,1284.48,0
duty rain shell dark navy l,1,1.0,1331.33995,-1330.33995,1.0,0
eagle april 2023 potm grey 1sz,2,551.72,307.768088,243.95191200000005,275.86,1
edc 2aaa kangaroo 1 sz,3,1648.3500000000001,1359.682785,288.66721500000017,549.45,0
edt multitool khaki 1sz,2,551.72,317.698,234.02200000000005,275.86,0
edt rescue alert blue 1 sz,6,1862.04,901.1233319999999,960.9166679999998,310.34,0
emergency ready bag black 1 sz,2,2810.34,1485.374148,1324.965852,1405.17,0
enduro pro usb ind,4,6379.28,3506.50024,2872.77976,1594.82,0
esc rescue knife tumbld steel 1 sz,12,11068.92,5065.495199999999,6003.4248,922.41,4
esc rescue tool tumbld steel 1 sz,2,1051.72,606.73617,444.98383,525.86,1
escape at all costs patch,2,318.96,163.510462,155.449538,159.48,1
escape patch brown 1sz,2,253.44,167.0044,86.4356,126.72,1
eum id patch multi 1sz,4,793.12,360.427164,432.692836,198.28,0
exo.e external elbow pad black 1sz,4,2379.32,1275.319488,1104.000512,594.83,1
exo.k external knee pad black 1sz,4,2724.12,1462.800956,1261.3190439999998,681.03,0
exo.k external knee pad kangaroo 1 sz,5,2747.25,2266.137975,481.1120249999999,549.45,0
f14 plane flight patch grey 1sz,4,620.68,367.0696,253.61039999999997,155.17,1
fast tac 6 black 10 r,12,22389.0,17865.515568,4523.484432000001,1865.75,0
fast tac 6 black 10.5 r,6,11194.5,8932.757784,2261.7422160000006,1865.75,0
fast tac 6 black 11 r,3,5597.25,4466.276055,1130.9739449999997,1865.75,0
fast tac 6 black 11.5 r,3,5597.25,4466.276055,1130.9739449999997,1865.75,0
fast tac 6 black 4 r,3,5597.25,4466.276055,1130.9739449999997,1865.75,0
fast tac 6 black 5 r,12,22389.0,17865.515568,4523.484432000001,1865.75,0
fast tac 6 black 6 r,24,44778.0,34307.527872000006,10470.472127999994,1865.75,0
fast tac 6 black 7 r,28,52241.0,41685.997332,10555.002668000001,1865.75,0
fast tac 6 black 7.5 r,2,3731.5,2977.585928,753.914072,1865.75,0
fast tac 6 black 8 r,17,31717.75,24727.630279,6990.119720999999,1865.75,0
fast tac 6 black 8.5 r,2,3731.5,2977.585928,753.914072,1865.75,0
fast tac 6 black 9 r,22,41046.5,31425.94829,9620.55171,1865.75,0
fast tac 6 black 9.5 r,16,29852.0,23820.687424,6031.312576,1865.75,0
fast tac 8'' black 10 r,2,4775.86,2963.584324,1812.2756759999997,2387.93,1
fast tac vest black l,2,4120.68,2208.842134,1911.8378660000003,2060.34,1
fast tac vest black m,2,4120.68,2208.84214,1911.83786,2060.34,0
fast tac vest black s,4,8241.36,4433.159326,3808.2006740000006,2060.34,0
fast tac vest black xl,4,8241.36,4498.058876,3743.3011240000005,2060.34,1
fast tac vest ranger green l,2,4120.68,2231.126258,1889.5537420000005,2060.34,0
fast tac vest ranger green m,2,4120.68,2233.916994,1886.7630060000001,2060.34,0
fast tac vest ranger green xl,2,4120.68,2268.606164,1852.0738360000005,2060.34,0
fast tac vest tdu khaki l,2,4120.68,2198.54544,1922.1345600000004,2060.34,1
fast tac vest tdu khaki m,4,8241.36,4417.68428,3823.67572,2060.34,0
fast tac vest tdu khaki s,2,4120.68,2155.299326,1965.3806740000005,2060.34,1
fast tac vest tdu khaki xl,2,4120.7,2273.545706,1847.154294,2060.35,1
fast-tac cargo pant battle brown 32 30,2,2741.36,1358.768004,1382.591996,1370.68,1
fast-tac cargo pant battle brown 32 32,4,5482.72,2759.980764,2722.7392360000003,1370.68,2
fast-tac cargo pant battle brown 38 32,2,2741.36,1395.9512,1345.4088000000002,1370.68,1
fast-tac cargo pant black 34 30,2,2741.36,1488.897336,1252.4626640000001,1370.68,0
fast-tac cargo pant black 34 32,3,4069.2700000000004,2227.2689219999997,1842.0010780000002,1356.4233333333334,1
fast-tac cargo pant black 36 32,2,3146.56,1517.118362,1629.441638,1573.28,0
fast-tac cargo pant black 36 34,2,3146.56,1441.168126,1705.391874,1573.28,0
fast-tac cargo pant black 40 32,2,2741.36,1548.860074,1192.4999260000002,1370.68,0
fast-tac cargo pant charcoal 30 32,2,2741.36,1395.9512,1345.4088000000002,1370.68,1
fast-tac cargo pant charcoal 32 30,4,5482.72,3125.62152,2357.09848,1370.68,1
fast-tac cargo pant charcoal 32 32,6,8224.08,4459.577592,3764.5024080000003,1370.68,2
fast-tac cargo pant charcoal 34 30,4,5482.72,2791.9024,2690.8176000000003,1370.68,1
fast-tac cargo pant charcoal 36 32,2,2741.36,1437.66609,1303.6939100000002,1370.68,1
fast-tac cargo pant charcoal 40 32,4,5482.74,3097.720148,2385.0198520000004,1370.685,2
fast-tac cargo pant dark navy 28 32,14,14056.14,12517.330938,1538.8090620000003,1004.01,0
fast-tac cargo pant dark navy 30 30,2,2741.36,1441.345922,1300.0140780000002,1370.68,0
fast-tac cargo pant dark navy 30 32,21,21084.21,15595.450920000001,5488.759080000001,1004.01,0
fast-tac cargo pant dark navy 32 32,48,50469.56,38160.996576,12308.563424,1383.5233333333333,0
fast-tac cargo pant dark navy 34 32,4,5887.92,2976.872448,2911.047552,1471.98,0
fast-tac cargo pant dark navy 34 34,31,31124.31,27717.041875,3407.2681250000023,1004.01,0
fast-tac cargo pant dark navy 36 34,21,21989.99,18776.016231,3213.973769,1305.9366666666667,1
fast-tac cargo pant dark navy 38 32,3,3012.0299999999997,2269.216086,742.8139139999998,1004.01,0
fast-tac cargo pant dark navy 38 34,8,8032.08,7106.269216,925.8107840000002,1004.01,0
fast-tac cargo pant dark navy 40 32,2,2741.38,1478.691284,1262.688716,1370.69,0
fast-tac cargo pant dark navy 40 34,6,6024.0599999999995,5364.570401999999,659.4895980000001,1004.01,0
fast-tac cargo pant dark navy 42 32,2,2741.36,1644.412936,1096.9470640000002,1370.68,1
fast-tac cargo pant dark navy 42 34,3,3012.0299999999997,2682.31068,329.7193199999997,1004.01,0
fast-tac cargo pant dark navy 44 34,1,1004.01,894.10356,109.90643999999998,1004.01,0
fast-tac cargo pant dark navy 46 32,2,3008.62,2070.434034,938.185966,1504.31,1
fast-tac cargo pant khaki 30 30,2,2741.36,1396.206516,1345.1534840000002,1370.68,0
fast-tac cargo pant khaki 34 32,4,5482.72,2824.775024,2657.944976,1370.68,2
fast-tac l/s shirt black l,2,2379.3,1204.10141,1175.1985900000002,1189.65,1
fast-tac l/s shirt black m,7,8282.19,5133.520028,3148.6699720000006,1183.17,2
fast-tac l/s shirt charcoal l,2,2379.3,1107.768236,1271.5317640000003,1189.65,0
fast-tac l/s shirt charcoal m,4,4758.620000000001,2176.646136,2581.9738640000005,1189.6550000000002,1
fast-tac l/s shirt charcoal s,2,2379.32,1107.825684,1271.4943160000003,1189.66,0
fast-tac l/s shirt dark navy 2xl,5,4277.75,3822.88203,454.8679699999998,855.55,0
fast-tac l/s shirt dark navy 3xl,5,4277.75,4525.49437,-247.74437000000034,855.55,0
fast-tac l/s shirt dark navy l,39,34725.85,29438.751498,5287.098501999998,1048.1100000000001,1
fast-tac l/s shirt dark navy m,64,56759.84,48384.09228,8375.74772,1141.927142857143,1
fast-tac l/s shirt dark navy s,24,21201.4,18185.822304,3015.5776959999976,1078.2833333333335,0
fast-tac l/s shirt dark navy xl,21,17966.55,15217.384371,2749.165628999999,855.55,0
fast-tac l/s shirt khaki l,2,2379.3,0.0,2379.3,1189.65,0
fast-tac l/s shirt khaki m,2,2379.32,1107.768236,1271.5517640000003,1189.66,1
fast-tac l/s shirt khaki s,2,2379.32,653.05,1726.2700000000002,1189.66,0
fast-tac l/s shirt uniform whte 2xl,16,19838.4,12247.62768,7590.772320000002,1239.9,0
fast-tac l/s shirt uniform whte l,42,51774.299999999996,29793.895488000002,21980.404512,1196.8285714285716,1
fast-tac l/s shirt uniform whte m,50,61894.50000000001,37731.18045,24163.319550000007,1206.4,1
fast-tac l/s shirt uniform whte s,24,27811.8,18242.347534,9569.452466,1110.18,0
fast-tac l/s shirt uniform whte xl,42,52075.8,31387.139280000003,20688.66072,1239.9,0
fast-tac s/s shirt black l,2,2379.3,1132.977936,1246.3220640000002,1189.65,0
fast-tac s/s shirt charcoal l,2,2379.3,1130.979284,1248.3207160000002,1189.65,1
fast-tac s/s shirt charcoal m,2,2379.3,1130.979284,1248.3207160000002,1189.65,0
fast-tac s/s shirt charcoal s,2,2379.3,1123.460298,1255.8397020000002,1189.65,0
fast-tac s/s shirt dark navy l,2,2379.3,1323.841736,1055.458264,1189.65,0
fast-tac s/s shirt dark navy m,14,14634.48,9789.121299999999,4845.358700000001,1045.32,0
fast-tac s/s shirt khaki m,2,2379.3,1154.963094,1224.3369060000002,1189.65,0
fast-tac s/s shirt khaki s,2,2379.3,1155.021808,1224.2781920000002,1189.65,0
fast-tac s/s shirt uniform whte m,4,4758.6,2470.149824,2288.4501760000003,1189.65,1
fast-tac tdu pant dark navy 28 30,5,5154.8,3385.8151199999998,1768.9848800000004,1030.96,0
fast-tac tdu pant dark navy 28 32,45,46393.200000000004,30026.258793999998,16366.941206000007,1030.96,0
fast-tac tdu pant dark navy 28 34,81,83507.76000000001,55555.184556,27952.575444000002,1030.96,0
fast-tac tdu pant dark navy 30 30,253,260832.88,173323.64407600003,87509.23592400001,1030.96,0
fast-tac tdu pant dark navy 30 32,134,138148.64,91067.32103,47081.31897000001,1030.96,0
fast-tac tdu pant dark navy 32 30,7,7216.72,4798.536204,2418.1837960000003,1030.96,0
fast-tac tdu pant dark navy 32 32,173,178356.08000000002,117404.73947500001,60951.34052500001,1030.96,0
fast-tac tdu pant dark navy 32 34,636,655690.56,436442.122272,219248.43772800005,1030.96,0
fast-tac tdu pant dark navy 34 30,121,124746.16,83388.594256,41357.56574400001,1030.96,0
fast-tac tdu pant dark navy 34 32,1068,1101065.28,709234.587372,391830.692628,1030.96,0
fast-tac tdu pant dark navy 34 34,6,6185.76,3448.839282,2736.9207180000003,1030.96,0
fast-tac tdu pant dark navy 36 32,989,1018940.76,656903.381432,362037.378568,974.4033333333333,0
fast-tac tdu pant dark navy 36 34,5,5154.8,3006.96866,2147.83134,1030.96,0
fast-tac tdu pant dark navy 38 32,621,640226.16,412364.922111,227861.23788900004,1030.96,0
fast-tac tdu pant dark navy 40 32,147,151551.12,98019.518902,53531.60109800001,1030.96,0
fast-tac tdu pant dark navy 42 30,16,16495.36,10629.585168,5865.774832000001,1030.96,0
fast-tac tdu pant dark navy 42 32,114,117529.44,76916.11771300001,40613.322286999995,1030.96,0
fast-tac tdu pant dark navy 42 34,3,3092.88,2002.2211889999999,1090.6588110000002,1030.96,0
fast-tac tdu pant dark navy 44 32,3,3092.88,2056.640166,1036.239834,1030.96,0
fast-tac tdu pant lg dark navy 46 30,1,1030.96,887.994002,142.965998,1030.96,0
fast-tac tdu pant lg dark navy 48 32,1,1030.96,690.777578,340.1824220000001,1030.96,0
fast-tac tdu rapid l/s tdu green m,2,2879.3,1489.44549,1389.8545100000001,1439.65,1
fast-tac tdu rapid l/s tdu khaki l,2,2879.3,1489.44549,1389.8545100000001,1439.65,1
fast-tac tdu shirt dark navy 2xl,107,132899.84,72872.994033,60026.84596700001,1286.0080000000003,0
fast-tac tdu shirt dark navy 3xl,1,1239.9,795.36108,444.5389200000001,1239.9,0
fast-tac tdu shirt dark navy l,1198,1485400.2000000002,818772.8268560001,666627.3731440001,1239.9,0
fast-tac tdu shirt dark navy m,1723,2136347.7,1178450.409058,957897.2909420002,1239.9,0
fast-tac tdu shirt dark navy s,834,1034076.6000000001,569008.4712360001,465068.128764,1239.9,0
fast-tac tdu shirt dark navy xl,408,505879.20000000007,277803.12856800004,228076.07143200003,1239.9,0
fast-tac urban pant dark navy 32 32,2,2710.34,1186.128426,1524.2115740000002,1355.17,0
fast-tac urban pant dark navy 34 32,2,2710.34,1201.85812,1508.48188,1355.17,0
fastfit negro m,2,870.7,448.046534,422.65346600000004,435.35,1
fastfit negro s,2,870.68,478.451402,392.228598,435.34,1
ferro knife multi 1 sz,8,5379.28,2551.813696,2827.4663039999996,672.41,2
flag bearer cap mc blk multicam 1sz,12,7991.360000000001,4651.917096,3339.4429040000005,665.9466666666667,1
flex admin pouch black 1 sz,2,1706.88,1001.8698,705.0102,853.44,1
flex admin pouch kangaroo 1 sz,2,1706.88,835.608488,871.2715120000001,853.44,0
flex cuff pouch black 1 sz,2,1241.36,709.526366,531.8336339999998,620.68,0
flex dbl pistol 2.0 pouch black 1 sz,6,4744.82,2301.404418,2443.4155819999996,790.8033333333333,2
flex disposable glv pouch black 1 sz,6,3413.82,2091.8124,1322.0076000000001,568.97,2
flex disposable glv pouch rngr grn 1 sz,4,2275.88,1216.933652,1058.9463480000002,568.97,1
flex med pouch kangaroo 1 sz,2,1982.74,1135.07892,847.6610800000001,991.37,1
flex med pouch ranger green 1 sz,2,1982.74,1135.07892,847.6610800000001,991.37,0
flex radio 2.0 pouch black 1 sz,4,3413.76,1637.982664,1775.777336,853.44,1
flex single g36 mag pouch black 1 sz,2,1241.36,717.6118,523.7481999999999,620.68,0
flex triple ar mag cover pouch black 1 s,2,3051.72,1706.26296,1345.4570399999998,1525.86,0
flex triple ar mag cover pouch black 1sz,2,3051.72,1706.26296,1345.4570399999998,1525.86,0
flex-tac tdu rapid ls dark navy s r,44,62140.32,50801.029136,11339.290864000002,1412.28,0
football nov 23 potm orange 1sz,2,517.24,248.974586,268.265414,258.62,0
freedom flex ss shirt black 2xl,4,5827.56,3439.784024,2387.7759760000004,1456.89,0
freedom flex ss shirt black l,6,8741.400000000001,5046.578514,3694.8214860000007,1456.9000000000003,2
freedom flex ss shirt black m,8,12218.92,6610.80248,5608.11752,1527.365,2
freedom flex ss shirt black s,4,5827.6,3423.92394,2403.6760600000002,1456.9,1
freedom flex ss shirt black xl,4,5827.56,3423.92394,2403.6360600000003,1456.89,1
freedom flex ss shirt peacoat l,2,2913.78,1494.54128,1419.2387200000003,1456.89,0
freedom flex ss shirt ranger green m,6,8741.400000000001,4828.457112,3912.9428880000005,1456.9000000000003,1
freedom flex ss shirt ranger green s,2,2913.78,1855.754998,1058.0250020000003,1456.89,0
freedom flex ss shirt storm l,4,5827.56,3225.733264,2601.8267360000004,1456.89,1
freedom flex ss shirt storm m,8,12218.94,6402.289768,5816.650232000001,1527.3675,0
freedom flex ss shirt storm s,2,2913.78,1606.381516,1307.3984840000003,1456.89,0
freedom flex ss shirt true blue l,2,2913.8,1379.495858,1534.3041420000002,1456.9,0
freedom flex woven ls black l,2,3103.44,1854.557902,1248.882098,1551.72,1
freedom flex woven ls black m,2,3103.44,1809.881316,1293.558684,1551.72,1
freedom flex woven ls black xl,2,3275.86,1743.063862,1532.7961380000002,1637.93,0
freedom flex woven ls storm l,2,3275.86,1525.30165,1750.55835,1637.93,1
fresh and fast patch brown 1sz,2,318.96,171.759,147.201,159.48,0
frog diver patch green 1 sz,2,379.3,334.6384,44.66160000000002,189.65,0
frog diver patch green 1sz,4,758.6,669.2768,89.32320000000004,189.65,0
frontliner s/s tee indigo m,4,1844.8,1071.2248,773.5752,461.2,0
frontliner s/s tee indigo s,4,1844.8,1071.2248,773.5752,461.2,0
good luck 2.0 patch brown 1 sz,6,1551.72,927.2538000000001,624.4662,258.62,0
grilling machine apron coin 1sz,4,4310.32,3009.686,1300.6339999999996,1077.58,2
gt to the choppa keychain brown 1sz,2,301.72,155.166,146.55400000000003,150.86,0
guerrero jaguar ss tee charcoal m,2,553.44,559.3936,-5.953599999999938,276.72,1
h20 carrier black 1sz,4,3172.4,1826.687312,1345.712688,793.1,1
halo neck gaiter black 1 sz,10,3077.5600000000004,1864.45624,1213.10376,307.75600000000003,0
halo neck gaiter woodland camo 1 sz,86,56441.84,43068.057908,13373.782092000001,1655.69,0
hand gun v2 patch gold 1 sz,2,362.06,188.784028,173.275972,181.03,0
hardpoint b150 black 1sz,2,362.08,174.166034,187.913966,181.04,1
hardpoint b175 black 1sz,4,724.16,392.9206,331.2394,181.04,0
hardpoint b175 kangaroo 1sz,2,362.08,196.4603,165.6197,181.04,0
hardpoint m1 + md black 1 sz,2,327.58,168.8498,158.7302,163.79,0
hardpoint m2 black 1 sz,2,241.36,123.543936,117.81606400000001,120.68,0
hardpoint m3 black 1 sz,2,327.58,183.25041,144.32959,163.79,0
hardpoint m3 kangaroo 1 sz,2,327.58,179.859636,147.720364,163.79,1
hardpoint mk1 black 1 sz,6,724.08,362.905128,361.17487200000005,120.68,1
hardpoint mk1 kangaroo 1 sz,8,965.46,465.640648,499.81935200000004,120.6825,1
hello darkness 2.0 patch brown 1 sz,2,517.24,309.0846,208.1554,258.62,0
heron knife black 1 sz,2,1465.52,809.19898,656.32102,732.76,1
high abrasion glv 2.0 kangaroo l,47,77252.02,61173.845977,16078.174023000007,1643.66,0
high abrasion glv 2.0 kangaroo m,14,23011.24,18221.923845999998,4789.316154000004,1643.66,0
high abrasion glv 2.0 kangaroo s,4,6574.64,5206.379008,1368.2609920000004,1643.66,0
high abrasion glv 2.0 ranger green l,7,9194.220000000001,7280.433895,1913.786105000001,1313.46,0
high abrasion glv 2.0 ranger green m,8,10507.68,8320.783472,2186.896528000001,1313.46,0
holster pouch black 1 sz,2,1000.0,480.385234,519.6147659999999,500.0,1
hunters tall boy patch,4,724.12,361.726992,362.393008,181.03,1
i scope patch mx black 1 sz,2,379.32,158.118908,221.201092,189.66,0
i scope patch mx black 1sz,4,758.64,316.237816,442.402184,189.66,1
icarus dp mini black 1 sz,2,1344.82,775.080848,569.739152,672.41,1
icon pant black 30 30,2,3879.32,2126.283404,1753.0365960000004,1939.66,1
icon pant black 32 32,4,7758.64,4194.60276,3564.0372400000006,1939.66,1
icon pant black 34 32,4,7758.620000000001,4615.515554,3143.1044460000003,1939.6550000000002,1
icon pant black 36 32,2,3879.32,2325.708436,1553.6115640000003,1939.66,1
icon pant dark navy 30 30,4,7758.64,4034.819704,3723.8202960000003,1939.66,2
icon pant dark navy 32 30,2,3879.32,1998.553402,1880.7665980000002,1939.66,0
icon pant dark navy 34 32,4,8432.759999999998,4393.636724,4039.123276,2108.1899999999996,1
icon pant flint 30 32,2,3879.32,2092.809776,1786.510224,1939.66,0
icon pant kangaroo 32 30,2,3879.32,1883.72712,1995.5928800000002,1939.66,0
icon pant kangaroo 32 32,2,3879.32,1908.409458,1970.910542,1939.66,1
icon pant kangaroo 34 32,4,8432.759999999998,3794.431648,4638.3283519999995,2108.1899999999996,1
icon pant kangaroo 38 32,2,3879.32,2017.409852,1861.9101480000002,1939.66,0
icon pant khaki 30 32,2,3879.32,2030.022286,1849.2977140000003,1939.66,0
icon pant khaki 32 30,2,3879.32,1975.0122,1904.3078000000003,1939.66,0
icon pant khaki 34 32,8,16865.519999999997,8081.562336,8783.957664,2052.0133333333333,0
icon pant khaki 40 32,2,3879.32,2029.961246,1849.358754,1939.66,1
icon pant ranger green 32 30,2,3879.32,2017.374622,1861.9453780000001,1939.66,1
icon pant ranger green 34 32,4,7758.64,3997.198368,3761.4416320000005,1939.66,1
icon pant ranger green 36 32,2,3879.32,1998.538724,1880.7812760000002,1939.66,0
icon pant ranger green 38 32,2,3879.32,2017.409852,1861.9101480000002,1939.66,1
ir led l3 modified switch rail-tan,2,2465.52,1044.850394,1420.669606,1232.76,1
iwb holster fits: glock 19 19x 23 32 45,2,1846.0,74.030266,1771.969734,923.0,1
iwb kydex holster (optic ready),4,3837.92,2248.347112,1589.5728880000001,959.48,1
june 2021 potm multi 1sz,2,465.5,285.807,179.69299999999998,232.75,1
keyboard warrior patch green 1sz,6,1137.96,513.533862,624.426138,189.66,1
keyrack steel s biner black,4,582.76,318.4679,264.29210000000006,145.69,0
keyrack steel s biner stainless,2,289.66,159.228546,130.43145400000003,144.83,0
kit piern p p glock n2 / p pr ind negro,2,3551.72,1914.0,1637.7199999999998,1775.86,0
kit piernera/p.p. universal n-2 der coyo,2,3800.0,2090.0,1710.0,1900.0,0
kubaton tactical pen black 1 sz,6,4086.18,1980.9000059999998,2105.279994,681.03,2
kubaton tactical pen sandstone 1 sz,8,5448.24,2641.200008,2807.039992,681.03,1
le emt 2.0 tumbld steel 1 sz,2,2982.74,1409.084706,1573.6552939999997,1491.37,0
le emt 2.0 tumbld steel 1sz,2,2982.76,1409.084706,1573.6752940000001,1491.38,1
legacy box trucker 1sz,6,3517.26,2204.105388,1313.1546120000003,586.21,2
legacy box trucker major brown 1sz,4,2344.84,1397.51446,947.32554,586.21,1
legacy box trucker pacific navy 1sz,2,1172.42,698.75723,473.66277,586.21,1
legacy box trucker pond 1 sz,2,1172.4,734.701796,437.69820400000015,586.2,0
legacy box trucker pond 1sz,4,2344.82,1469.403592,875.4164080000003,586.205,1
legacy box trucker turbulence 1 sz,2,1172.4,734.701796,437.69820400000015,586.2,0
legacy camo fill s/s tee silver l,2,922.4,464.4752,457.9248,461.2,0
legacy camo fill s/s tee silver m,2,922.4,464.4752,457.9248,461.2,0
letter and reticle ss tee black m,2,1120.7,524.774828,595.9251720000001,560.35,0
letter and reticle ss tee l,2,1120.7,524.774828,595.9251720000001,560.35,1
letter and reticle ss tee m,2,1120.7,524.774828,595.9251720000001,560.35,0
level 2 kydex holster drop leg (right ha,2,6603.44,3631.895466,2971.5445339999997,3301.72,0
liberty flex l/s shirt black m,3,2483.76,1708.8583170000002,774.901683,827.9200000000001,0
liberty flex l/s shirt black s,4,5103.44,2283.565888,2819.8741119999995,1275.86,1
log jam video game patch grey 1sz,2,362.08,169.040468,193.03953199999998,181.04,0
"lst,fldr,dp,pe,blk,e6/24,knf036,lst,dp,",2,1689.64,940.728766,748.9112340000001,844.82,1
lucha gnome ss tee charcoal htr m,8,3689.6,1963.5704,1726.0295999999998,461.2,1
lucha gnome ss tee charcoal htr s,6,2767.2,1472.6778,1294.5221999999999,461.2,2
lv18 2.0 backpack,14,47586.16,25442.923392,22143.236608,3399.011428571429,0
lvc6 2.0 waist pack black 1sz,32,32827.52,18452.340768,14375.179231999999,1025.86,7
lvc8 sling pack black 1 sz,2,4543.1,2405.18,2137.9200000000005,2271.55,0
lvc8 sling pack black 1sz,4,8586.2,4322.914246,4263.285754,2146.55,2
m pact fingerless negro l,2,1389.66,846.793722,542.8662780000001,694.83,0
marksman l/s shirt blue mussel l,1,1062.49,609.351265,453.138735,1062.49,1
marksman l/s shirt blue mussel m,2,2913.8,1218.70253,1695.0974700000002,1456.9,0
marksman l/s shirt sage green l,4,5827.58,2437.575664,3390.0043360000004,1456.895,0
marksman l/s shirt sand dune s,2,2979.3,0.0,2979.3,1489.65,0
marksman l/s shirt volcanic l,2,2913.78,1269.631536,1644.148464,1456.89,0
marksman s/s shirt,2,2551.72,1163.828908,1387.8910919999998,1275.86,0
marksman s/s shirt blue mussel l,2,2551.72,1117.193746,1434.5262539999999,1275.86,0
marksman s/s shirt blue mussel m,2,2551.72,1117.193746,1434.5262539999999,1275.86,0
marksman s/s shirt blue mussel s,2,2551.72,1117.108444,1434.6115559999998,1275.86,0
marksman utility s/s shrt field green s,2,2810.34,1039.3565,1770.9835,1405.17,0
marksman utility s/s shrt volcanic l,4,5620.68,2719.850024,2900.8299760000004,1405.17,1
marksman utility s/s shrt volcanic m,8,11241.36,5664.851874,5576.508126000001,1405.17,2
marksman utility s/s shrt volcanic s,6,8431.02,4402.130052,4028.889948,1405.17,1
marksman utility s/s shrt volcanic xl,2,2810.34,1467.309106,1343.0308940000002,1405.17,0
maverick edc 1.5 belt black m,2,4741.38,3028.836156,1712.5438440000003,2370.69,0
may 2022 potm blue 1sz,2,603.44,298.1318,305.30820000000006,301.72,0
meridian pant,2,3706.88,2557.79536,1149.08464,1853.44,0
meridian pant sage green 34 32,6,11120.66,6815.834052,4304.825948000001,1853.4433333333334,0
meridian pant volcanic 32 32,4,7413.8,4543.894052,2869.9059480000005,1853.45,0
meridian pant volcanic 34 32,2,3706.88,2271.947026,1434.9329740000003,1853.44,1
meridian pant volcanic 40 32,2,3706.88,2272.014982,1434.865018,1853.44,0
mexico 5.11 fill ss tee black l,6,3361.46,1802.4768,1558.9832000000001,560.2433333333333,1
mexico 5.11 fill ss tee black m,2,1120.7,600.8256,519.8744,560.35,1
mexico 5.11 fill ss tee black s,2,1120.7,583.052812,537.647188,560.35,0
mexico 5.11 fill ss tee black xl,2,1120.7,600.8256,519.8744,560.35,0
minefield ss tee heather grey l,4,1844.8,1022.226708,822.5732919999999,461.2,0
minefield ss tee heather grey xl,2,922.4,511.046366,411.353634,461.2,0
mission ready 3.0 ranger green 1 sz,2,13775.86,6266.61974,7509.2402600000005,6887.93,1
mission ready dog collar fluorscn org m,4,1793.12,991.024488,802.0955119999999,448.28,0
mission ready dog collar sage green l,4,1793.12,993.205528,799.9144719999999,448.28,1
mission ready dog collar sage green m,4,1793.12,993.205528,799.9144719999999,448.28,1
mission ready dog collar volcanic m,2,896.56,496.602764,399.95723599999997,448.28,0
mission ready dog harness fluorscn org m,2,2051.72,1117.310126,934.4098739999997,1025.86,0
mission ready dog harness sage green l/x,4,4103.44,2262.076228,1841.3637719999997,1025.86,1
mission ready dog harness volcanic l/xl,2,2262.06,1131.038114,1131.021886,1131.03,0
mission ready dog leash volcanic 1sz,2,1362.06,789.479844,572.580156,681.03,0
moab 10 ranger green 1 sz,2,5555.18,3047.26,2507.92,2777.59,0
moab 6 black 1sz,8,15448.24,8094.882568,7353.357432,1931.03,2
moab 6 kangaroo 1sz,2,3862.06,2023.72094,1838.33906,1931.03,1
moab 6 ranger green 1sz,2,3862.06,2023.720344,1838.3396559999999,1931.03,1
"mohoc infrared (ir) camera, li-ion",2,39741.38,19211.07428,20530.305719999997,19870.69,0
moto cop patch black 1 sz,4,603.44,310.3236,293.11640000000006,150.86,1
motor cycle breeches midnight nvy 30-r,1,2285.5,2082.487776,203.01222400000006,2285.5,0
motor cycle breeches midnight nvy 32 s,14,31997.0,28061.428444,3935.571555999999,2285.5,0
mountain wolf l/s tee heather grey m,2,1551.72,714.2344,837.4856,775.86,1
mountain wolf l/s tee heather grey s,2,1551.72,714.2344,837.4856,775.86,1
mpact coyote m,2,1841.38,1021.617378,819.7626220000001,920.69,0
mpact coyote s,2,1841.38,1029.297268,812.0827320000001,920.69,0
multitron patch grey 1sz,2,293.1,169.3464,123.75360000000003,146.55,0
mx aguila legacy patch black 1sz,12,2275.92,1224.322932,1051.597068,189.66,1
natures overlandr ss tee pond l,2,1120.7,524.774828,595.9251720000001,560.35,0
natures overlandr ss tee pond s,2,1120.7,524.774828,595.9251720000001,560.35,0
neon legacy s/s tee black l,2,922.4,535.6124,386.7876,461.2,0
neptunes navy patch brown 1sz,2,431.02,409.0026,22.01740000000001,215.51,1
no clowns patch,2,362.06,196.81832,165.24168,181.03,0
no fks given keychain green 1 sz,2,301.72,155.166,146.55400000000003,150.86,0
no fks given keychain green 1sz,4,603.44,310.332,293.10800000000006,150.86,1
no mercy pt-r s/s top l,2,1672.42,911.81654,760.60346,836.21,1
no mercy pt-r s/s top pacific navy s,2,2043.1,1120.407504,922.6924959999999,1021.55,0
no mercy pt-r s/s top s,2,1672.42,978.408766,694.0112340000001,836.21,0
no mercy pt-r s/s top xl,2,1672.42,978.408766,694.0112340000001,836.21,0
no rucks given patch major brown 1sz,14,2172.3799999999997,992.4112519999999,1179.9687479999998,155.17,2
octo wild ones s/s tee cinder htr m,2,922.4,535.6124,386.7876,461.2,0
octo wild ones s/s tee cinder htr s,2,922.4,535.6124,386.7876,461.2,0
october 2021 potm orange 1 sz,2,517.24,275.8342,241.4058,258.62,0
offroad dreamin trucker blue 1 sz,6,3413.8,1886.4824039999999,1527.3175960000003,568.9666666666667,2
operator 1 3/4 inch belt black 2xl,65,54666.95,54872.772435,-205.82243500000186,841.03,0
operator 1 3/4 inch belt black 3xl,1,841.03,844.199663,-3.169663000000014,841.03,0
operator 1 3/4 inch belt black l,589,497088.26999999996,431002.291334,66085.97866599992,1127.9633333333334,1
operator 1 3/4 inch belt black m,634,534098.94,463914.732238,70184.20776199998,1019.53,1
operator 1 3/4 inch belt black s,131,110717.01000000001,95878.13982000001,14838.870179999987,1021.7233333333334,0
operator 1 3/4 inch belt black xl,213,179853.38999999998,155872.60691899998,23980.78308099998,1019.53,1
operator 1 3/4 inch belt kangaroo m,2,2224.14,1485.771826,738.368174,1112.07,0
operator 2.0 flex cap black l/xl,2,1344.82,747.504004,597.3159959999999,672.41,0
operator 2.0 flex cap storm l/xl,2,1344.82,561.297696,783.522304,672.41,1
operator 2.0 flex cap storm m/l,4,2689.64,1412.531888,1277.108112,672.41,0
optic state of mind patch grey 1sz,2,275.86,200.0634,75.79660000000001,137.93,0
original multicam m,4,2648.28,1435.886804,1212.3931960000002,662.07,0
original negro m,4,2648.28,1412.001236,1236.2787640000001,662.07,0
originalâ® negro s,2,1324.14,727.94392,596.19608,662.07,0
outpost chrono storm 1 sz,1,1.0,1401.398087,-1400.398087,1.0,1
outpost chrono tac od 1 sz,4,9965.52,5605.592348,4359.927652,2491.38,0
overwatch briefcase black 1 sz,2,4362.06,2582.33401,1779.7259900000004,2181.03,0
overwatch briefcase kangaroo 1 sz,6,13086.18,6180.57927,6905.60073,2181.03,0
overwatch messenger black 1 sz,14,36086.26,20350.98667,15735.273330000004,2577.59,2
overwatch messenger double tap 1 sz,4,10310.36,5814.56762,4495.792380000001,2577.59,0
owb kydex paddle holster (optic ready),6,6398.280000000001,3747.7047780000003,2650.5752220000004,1066.38,1
p.pistola beretta px4 der n-2 t. paleta,2,1318.96,712.8,606.1600000000001,659.48,0
p.pistola glock 17/19/22 der n-2 a.bajo,2,805.86,672.0,133.86,402.93,0
p.pistola glock 17/19/22 der n-2 t.pa cy,4,2586.2,1505.6,1080.6,646.55,1
p.pistola jericho 941pl der n-2 a.bajo,2,1344.82,739.2,605.6199999999999,672.41,0
p.pistola jericho941pl der n-2 t.paleta,2,1301.72,712.8,588.9200000000001,650.86,1
packable jacket black l,2,2772.42,1375.45622,1396.96378,1386.21,0
packable jacket black m,4,5151.74,2889.530756,2262.209244,1287.935,0
packable jacket black s,8,9910.380000000001,5657.207376,4253.172624000001,1255.1766666666667,2
packable jacket black xl,2,2772.42,1408.114962,1364.305038,1386.21,0
packable jacket black xs,4,5151.72,2396.4043,2755.3157,1287.93,1
packable jacket dark navy l,2,2379.32,1408.114962,971.2050380000001,1189.66,1
packable jacket dark navy m,4,4758.6,2594.279164,2164.3208360000003,1189.65,2
packable jacket dark navy s,2,2379.32,1444.799336,934.5206640000001,1189.66,1
packable jacket sheriff grn m,2,2379.3,1084.813272,1294.486728,1189.65,1
packable jacket sheriff grn s,4,4758.6,2309.926188,2448.6738120000005,1189.65,0
packable pocket blanket ranger green 1sz,2,3793.1,2195.548274,1597.5517259999997,1896.55,0
pancho villa tee ranger green m,4,2379.32,1293.77582,1085.54418,594.83,1
pancho villa tee ranger green xl,2,1189.66,646.856496,542.8035040000001,594.83,0
"paraframe i,cp,se,ti gry,clp,e 3/12,par",2,1689.64,940.728766,748.9112340000001,844.82,0
"paraframe mini,tanto,pe,ss,e3/12,para m",2,775.86,434.193024,341.66697600000003,387.93,0
pathfinder kangaroo 1 sz,2,4293.1,2156.00693,2137.0930700000004,2146.55,0
pawprint locker keyrack,2,368.96,202.614968,166.34503199999997,184.48,0
peacemakers l/s tee navy l,2,1551.72,714.2344,837.4856,775.86,1
peacemakers l/s tee navy m,4,3103.44,1428.4688,1674.9712,775.86,0
performance l/s polo black m,2,2482.74,1365.71708,1117.0229199999999,1241.37,1
performance l/s polo black s,2,2482.74,1324.91388,1157.8261199999997,1241.37,1
performance l/s polo black xl,2,2482.74,1312.808638,1169.9313619999998,1241.37,1
performance l/s polo dark navy m,6,7448.24,3983.919186,3464.3208139999997,1241.3733333333332,0
performance l/s polo dark navy s,6,7448.24,4185.792474,3262.447526,1241.3733333333332,2
performance s/s polo black l,2,2293.1,1237.958892,1055.1411079999998,1146.55,0
performance s/s polo black m,8,9172.4,4970.751864,4201.648136,1146.55,0
performance s/s polo charcoal m,2,2293.1,1267.6852,1025.4148,1146.55,1
performance s/s polo charcoal xl,2,2293.1,1311.599616,981.5003839999999,1146.55,1
performance s/s polo dark navy 2xl,5,4101.1,3781.988675,319.1113250000003,820.22,0
performance s/s polo dark navy 3xl,4,3280.88,3505.764464,-224.88446399999975,820.22,0
performance s/s polo dark navy l,30,24606.600000000002,22482.15816,2124.441840000003,820.22,0
performance s/s polo dark navy l dark n,22,18044.84,16445.730928,1599.1090719999993,820.22,0
performance s/s polo dark navy m,63,51673.86,47540.919762000005,4132.940237999996,820.22,0
performance s/s polo dark navy s,19,15584.18,14179.856199,1404.3238010000005,820.22,0
performance s/s polo dark navy xs,6,4921.32,4538.468682,382.851318,820.22,0
performance s/s polo l.e. green l,4,4586.2,2379.145216,2207.054784,1146.55,1
performance s/s polo l.e. green m,2,2293.1,1189.572608,1103.527392,1146.55,0
performance s/s polo l.e. green s,2,2293.1,1187.542028,1105.5579719999998,1146.55,1
performance s/s polo range red l,2,2293.1,1110.86888,1182.23112,1146.55,1
performance s/s polo silver tan l,6,6879.299999999999,3726.0171660000005,3153.2828339999996,1146.55,1
performance s/s polo silver tan m,2,2293.1,1237.504866,1055.595134,1146.55,0
performance s/s polo silver tan s,4,4586.2,2477.234312,2108.965688,1146.55,1
performance s/s polo silver tan xl,2,2293.1,1239.838094,1053.261906,1146.55,0
performance s/s polo tall dark navy 4xl,1,820.22,876.389697,-56.16969699999993,820.22,0
performance s/s polo tdu green l,4,4586.2,2592.086688,1994.113312,1146.55,1
performance s/s polo tdu green m,2,2293.1,1238.232642,1054.867358,1146.55,1
performance s/s polo white l,2,2293.1,1295.622244,997.477756,1146.55,1
performance s/s polo white s,2,2293.1,1232.568514,1060.5314859999999,1146.55,1
phantom card wallet,2,1448.28,730.839902,717.4400979999999,724.14,0
polytac 90x usb - sl-b26 battery pack &,2,2827.58,1709.824456,1117.7555439999999,1413.79,1
"polytac x usb, blk bo",4,5186.2,2792.89408,2393.30592,1296.55,1
porta baston retractil,2,739.66,407.0,332.65999999999997,369.83,1
porta guantes negro,2,448.26,242.0,206.26,224.13,1
porta pistola beretta 92f nivel ii g.tip,6,2767.2,1944.0,823.1999999999999,461.2,1
porta pistola glock 17/19/22 der n-2 a.b,2,806.88,739.2,67.67999999999995,403.44,0
porta pistola glock 17/19/22 nivel ii g.,8,4681.04,2597.514896,2083.525104,585.13,3
porta proveedor individual,8,1282.72,880.0,402.72,160.34,0
porta proveedor v2 doble negro,2,1508.62,407.0,1101.62,754.31,1
protac 2l-x usb box,260,350689.7,222572.25290999998,128117.44709000003,1278.9450000000002,2
protac hl 5-x usb negro,2,8003.44,4631.480766,3371.959234,4001.72,1
protac hl-x usb box,1435,3860429.9,1807268.5569449998,2053161.3430549998,2245.74,0
prtctrs deep space ss tee black l,4,1844.8,1022.226708,822.5732919999999,461.2,1
prtctrs deep space ss tee black m,2,922.4,511.113354,411.28664599999996,461.2,0
prtctrs deep space ss tee black s,2,922.4,511.113354,411.28664599999996,461.2,1
pt-r charge l/s 2.0,2,1982.76,1036.94721,945.81279,991.38,0
pt-r charge l/s 2.0 black htr m,4,4879.32,2679.244116,2200.075884,1219.83,1
pt-r charge l/s 2.0 black htr s,2,2439.64,1339.723032,1099.9169679999998,1219.82,0
pt-r charge l/s 2.0 black l,2,1982.74,831.03696,1151.7030399999999,991.37,0
pt-r havoc cap,4,2655.16,1475.597076,1179.5629239999998,663.79,0
pt-r havoc short black l,2,2750.0,1510.06617,1239.93383,1375.0,0
purpose crest ss tee black m,2,922.4,511.113354,411.28664599999996,461.2,0
push pack black 1sz,2,3086.2,1762.393714,1323.8062859999998,1543.1,0
quantum tdu pant dark navy 30 32,2,3344.82,2134.0,1210.8200000000002,1672.41,1
radiant rechargeable led glow stick disc,22,4381.08,2413.5068320000005,1967.5731679999994,199.14,1
range master pouch lg black 1 sz,4,2896.52,1368.034028,1528.485972,724.13,0
rapid assault shirt black l,4,6517.24,3399.3474,3117.8925999999997,1629.31,1
rapid assault shirt dark navy l,42,55370.28,42564.153324,12806.126676,1318.34,0
rapid assault shirt dark navy m,120,158200.8,121229.76456,36971.03543999999,1318.34,0
rapid assault shirt dark navy s,120,158200.8,121693.29407999999,36507.505919999996,1318.34,0
rapid assault shirt mcm multicam 2xl,1,3041.94,2370.63603,671.3039699999999,3041.94,0
rapid assault shirt mcm multicam l,15,45629.1,35411.903655,10217.196344999997,3041.94,0
rapid assault shirt mcm multicam m,1,3041.94,2370.63603,671.3039699999999,3041.94,0
rapid assault shirt mcm multicam s,1,3041.94,2370.63603,671.3039699999999,3041.94,0
rapid assault shirt mcm multicam xl,8,24335.52,18965.804136,5369.715864000002,3041.94,0
rapid assault shirt tdu khaki l,4,12167.76,9482.946812,2684.813188,3041.94,0
rapid assault shirt tdu khaki m,9,27377.46,21336.479316,6040.980683999998,3041.94,0
rapid assault shirt tdu khaki s,11,24818.94,19424.55753,5394.38247,2177.7,0
rapid l2 black 1 sz,2,2500.0,1324.680568,1175.319432,1250.0,1
response jacket dark navy s,2,3827.58,1879.967176,1947.6128239999998,1913.79,1
rhino breacher patch red 1sz,2,231.02,167.0044,64.0156,115.51,1
ridge pant black 30 30,2,3931.04,2382.283224,1548.7567760000002,1965.52,0
ridge pant black 30 32,4,8401.7,4467.403694,3934.2963060000006,2100.425,0
ridge pant black 32 32,8,16263.76,8244.594728,8019.165272,2032.97,1
ridge pant black 34 32,2,3931.02,2077.618028,1853.4019720000001,1965.51,0
ridge pant black 38 32,2,3879.3,2045.650488,1833.6495120000002,1939.65,0
ridge pant dark navy 30 32,2,3931.04,2030.022286,1901.017714,1965.52,0
ridge pant dark navy 32 32,6,11793.119999999999,6584.820318,5208.299682,1965.5199999999998,0
ridge pant dark navy 34 32,6,11793.119999999999,6484.167219999999,5308.9527800000005,1965.5199999999998,1
ridge pant dark navy 36 32,2,3931.04,2017.374624,1913.665376,1965.52,0
ridge pant kangaroo 30 32,4,7862.0599999999995,4263.725979999999,3598.3340200000002,1965.5149999999999,2
ridge pant kangaroo 32 32,8,15724.1,8142.537024,7581.562976,1965.5125,2
ridge pant kangaroo 34 32,4,7862.04,4095.95856,3766.08144,1965.51,2
ridge pant kangaroo 36 32,4,7862.04,4187.132362,3674.907638,1965.51,1
ridge pant kangaroo 38 32,2,3931.04,2017.409852,1913.630148,1965.52,1
ridge pant kangaroo 40 32,4,7862.04,4095.959984,3766.080016,1965.51,0
ridge pant khaki 30 32,2,3931.04,2382.283224,1548.7567760000002,1965.52,0
ridge pant khaki 32 32,2,3931.04,2314.326386,1616.7136139999998,1965.52,0
ridge pant khaki 34 32,4,7862.08,3934.410876,3927.669124,1965.52,0
ridge pant ranger green 30 32,8,15724.119999999999,8504.447568,7219.672431999999,1965.5149999999999,1
ridge pant ranger green 32 32,6,12332.74,6143.9378400000005,6188.802159999999,2055.4566666666665,0
ripstop tdu l/s shirt dark navy m r,309,327681.36,304221.73880100006,23459.621198999965,1157.865,2
ripstop tdu l/s shirt dark navy m t,4,4236.72,4730.571,-493.85099999999966,1059.18,1
ripstop tdu l/s shirt dark navy xs r,55,58126.530000000006,55235.447474,2891.0825260000092,1044.9166666666667,1
ripstop tdu pant dark navy m r,2,2513.1,1709.559994,803.540006,1256.55,1
ripstop tdu pant tdu khaki m r,2,2513.1,1566.176282,946.923718,1256.55,1
rush lbd mike kangaroo 1 sz,4,9827.6,4515.970512,5311.6294880000005,2456.9,0
rush lbd mike ranger green 1 sz,8,20003.46,9095.528586,10907.931414,2500.4325,0
rush moab 10 storm 1sz,2,5258.62,3067.4196,2191.2003999999997,2629.31,1
rush12 2.0 backpack black 1 sz,2,4913.78,2419.34,2494.4399999999996,2456.89,0
rush12 2.0 backpack double tap 1 sz,3,4914.8,4082.520543,832.2794570000001,1638.2666666666667,1
rush12 2.0 backpack ranger green 1 sz,8,19655.18,10940.13153,8715.04847,2456.896666666667,0
rush24 2.0 backpack,65,175385.56,125391.76674499999,49993.79325500002,2634.415,1
rush24 2.0 backpack black 1 sz,2,6189.64,3357.5,2832.1400000000003,3094.82,0
rush24 2.0 backpack black 1sz,61,164998.28999999998,117603.52638200001,47394.76361799997,2704.89,1
rush24 2.0 backpack double tap 1 sz,2,6189.64,3531.7,2657.9400000000005,3094.82,0
rush24 2.0 backpack double tap 1sz,62,167703.18,120009.82042999999,47693.35957,2704.89,1
rush24 2.0 backpack kangaroo 1 sz,36,61933.08,47773.872351,14159.207649000007,2103.88,0
rush24 2.0 backpack ranger green 1 sz,2,6189.64,3147.624114,3042.015886,3094.82,0
rush24 2.0 backpack ranger green 1sz,61,164988.53,117786.812472,47201.717527999994,2704.73,1
rush24 2.0 mc backpack multicam 1 sz,2,8086.2,4731.5,3354.7,4043.1,0
rush72 2.0 backpack double tap 1sz,2,8362.06,4076.554478,4285.5055219999995,4181.03,1
ryker dp mini black 1 sz,2,2465.5,1405.557318,1059.942682,1232.75,0
s biner stainless steel dual carabiner 2,4,158.64,87.548276,71.09172399999999,39.66,2
s biner stainless steel dual carabiner 3,2,93.1,50.942166,42.157833999999994,46.55,0
safety first july 23 potm yelow 1sz,2,500.0,215.50976,284.49024,250.0,0
scope patch black 1 sz,2,379.32,154.482046,224.837954,189.66,0
scope patch black 1sz,4,758.64,308.964092,449.675908,189.66,1
select carry pistol pouch charcoal 1 sz,2,2068.96,993.628738,1075.3312620000002,1034.48,0
select carry pistol pouch charcoal 1sz,6,6206.88,2980.886214,3225.9937860000005,1034.48,2
shadow strike blk dlx-y el af,4,10758.6,6008.965194,4749.634806,2689.65,0
shadow strike t499 dlx-y el af,2,5379.3,3060.8,2318.5,2689.65,0
sierra bravo duty blt black l,10,12778.5,13965.48,-1186.9799999999996,1277.85,0
sierra bravo duty blt black xl,5,6389.25,6982.74,-593.4899999999998,1277.85,0
sig sauer p320 full size tuckable iwb,4,4134.48,2274.316424,1860.1635759999995,1033.62,0
single pistol case black 1sz,2,1637.94,934.684256,703.255744,818.97,0
single pistol case ranger green 1 sz,2,1637.94,844.2492,793.6908000000001,818.97,0
ski team l/s tee white m,2,1551.72,714.2344,837.4856,775.86,0
skyweight srvl chest pk volcanic 1sz,4,4103.44,2213.941904,1889.4980959999998,1025.86,1
skyweight util chest pk sage green 1sz,2,2741.36,1531.901232,1209.4587680000002,1370.68,0
skyweight util chest pk volcanic 1sz,2,2741.38,1536.763336,1204.6166640000001,1370.69,0
skyweightâ  srvl chest pk major brown 1sz,4,4103.44,2297.912676,1805.5273239999997,1025.86,1
slidelock 360 magnetic locking dual cara,8,1786.24,980.870736,805.369264,223.28,2
slidelock carabiner stainless steel 4 bl,4,289.64,159.987768,129.652232,72.41,0
slidelock carabiner stainless steelsize,6,382.74,209.415546,173.324454,63.79,1
slidelock key ring stainless steel black,10,793.1,435.82644000000005,357.27356,79.31,1
slidelock key ring stainless steel stain,4,317.24,174.336252,142.903748,79.31,1
specialty hi-dexterity 0.5 coyote m,2,1534.48,813.498798,720.981202,767.24,1
specialty hi-dexterity 0.5 negro l,4,3068.96,1581.109308,1487.850692,767.24,1
specialty hi-dexterity 0.5 negro m,2,1241.36,790.554654,450.8053459999999,620.68,0
specialty ven coyote m,4,3068.96,1642.32,1426.64,767.24,1
specialty ven negro xl,2,1534.48,798.183972,736.296028,767.24,0
speed 4.0 8 ar670-1,5,10732.95,9025.5198,1707.4302000000007,2146.59,0
speed 4.0 8 ar670-1 dark coyote 10 r,10,22776.160000000003,16855.46559,5920.694410000001,2583.3433333333332,1
speed 4.0 8 ar670-1 dark coyote 8 r,2,5603.44,2631.327852,2972.1121479999997,2801.72,0
speed 4.0 8 ar670-1 dark coyote 8.5 r,11,23612.49,19477.527047,4134.962953000002,2146.59,0
speed 4.0 8 ar670-1 dark coyote 9 r,9,19319.31,15304.454522999999,4014.855477000003,2146.59,0
speed 4.0 8 ar670-1 dark coyote 9.5 r,2,4293.18,3284.53893,1008.6410700000001,2146.59,0
speed 4.0 8 ar670-1 us dk coyote 5 r,1,2146.59,1713.068858,433.52114200000005,2146.59,0
speed 4.0 8 ar670-1 us dk coyote 7 r,7,15026.130000000001,12274.392655,2751.7373450000014,2146.59,0
speed 4.0 8 ar670-1 us dk coyote 7.5 r,7,15026.130000000001,11608.018226,3418.111774000001,2146.59,0
speed 4.0 8 arid coyote 6-r,10,21152.7,15941.169279999998,5211.5307200000025,2115.27,0
station grip 2 glove black l,4,2758.6,1319.274536,1439.325464,689.65,0
steel jacket mltl 2.0 blk stn wsh 1sz,2,1068.96,506.62252,562.33748,534.48,0
steel jacket money clip blk stn wsh 1sz,4,1482.76,696.64142,786.11858,370.69,1
steelie squeeze vent kit,4,2100.0,1154.600824,945.3991759999999,525.0,1
stingerhawk basic kits large black smoke,2,2775.86,2691.391182,84.46881800000028,1387.93,1
stratos hood black 1 sz,8,6896.48,4649.336832,2247.1431679999996,862.06,0
stratos hood ranger green 1 sz,4,3448.24,2324.622108,1123.6178919999998,862.06,1
stryke pant w/flex-tac tm bat brn 32 32,2,4553.44,1904.38859,2649.0514099999996,2276.72,0
stryke pant w/flex-tac tm bat brn 34 32,2,3879.3,1989.161962,1890.1380380000003,1939.65,1
stryke pant w/flex-tac tm battle brown 3,6,13660.319999999998,7279.221044000001,6381.098955999999,2276.72,0
stryke pant w/flex-tac tm black 30 30,2,3879.3,1850.088572,2029.211428,1939.65,0
stryke pant w/flex-tac tm black 30 32,2,3879.3,1893.41525,1985.8847500000002,1939.65,0
stryke pant w/flex-tac tm black 32 30,2,3879.3,1886.74381,1992.5561900000002,1939.65,0
stryke pant w/flex-tac tm black 34 32,2,4553.44,2081.72,2471.72,2276.72,0
stryke pant w/flex-tac tm black 40 32,2,3948.28,2426.390522,1521.889478,1974.14,1
stryke pant w/flex-tac tm dark navy 32 3,2,4553.44,2426.44,2126.9999999999995,2276.72,0
stryke pant w/flex-tac tm drk nvy 32 30,2,3879.3,1867.504836,2011.795164,1939.65,1
stryke pant w/flex-tac tm drk nvy 34 32,4,8432.74,3956.960428,4475.7795719999995,2108.185,1
stryke pant w/flex-tac tm drk nvy 36 32,4,7930.78,3935.383372,3995.3966279999995,1982.695,0
stryke pant w/flex-tac tm drk nvy 40 32,2,3879.3,1850.088572,2029.211428,1939.65,1
stryke pant w/flex-tac tm khaki 34 30,2,3879.3,2136.6916,1742.6084,1939.65,1
stryke pant w/flex-tac tm khaki 34 32,2,4553.44,2016.4,2537.0399999999995,2276.72,0
stryke pant w/flex-tac tm khaki 36 32,2,3879.3,2053.797088,1825.5029120000004,1939.65,1
stryke pant w/flex-tac tm rngr grn 34 32,2,3879.3,2220.84585,1658.45415,1939.65,0
stryke pant w/flex-tac tm stone 32 30,2,3879.3,1981.803356,1897.4966440000003,1939.65,0
stryke pant w/flex-tac tm stone 34 30,2,3879.3,2061.432934,1817.8670660000002,1939.65,1
stryke pant w/flex-tac tm stone 36 32,2,3879.3,1981.803356,1897.4966440000003,1939.65,0
stryke pant w/flex-tac tm tdu green 36 3,2,3879.3,2426.431286,1452.8687140000002,1939.65,0
stryke pant w/flex-tac tm tdu grn 32 30,6,11637.900000000001,5672.94966,5964.95034,1939.6500000000003,0
stryke pant w/flex-tac tm tdu grn 32 32,6,11637.900000000001,5802.77493,5835.125070000001,1939.6500000000003,0
stryke pant w/flex-tac tm tdu grn 34 30,4,7758.6,4273.3832,3485.2168,1939.65,0
stryke pant w/flex-tac tm tdu grn 34 32,8,15517.2,7653.006,7864.194,1939.65,0
stryke pant w/flex-tac tm tdu grn 36 32,8,15517.2,7400.127288,8117.072712000001,1939.65,0
stryke pant w/flex-tac tm tundra 32 30,2,3879.3,1981.803356,1897.4966440000003,1939.65,0
stryke pant w/flex-tac tm tundra 36 32,2,3879.3,2041.418152,1837.8818480000002,1939.65,0
stryke shirt black l,5,8919.03,4961.673595,3957.3564050000004,1783.806,1
stryke shirt black m,4,7413.76,4592.438328,2821.321672,1853.44,0
stryke shirt black s,2,3706.9,1866.510144,1840.389856,1853.45,0
stryke shirt dark navy l,6,11120.7,6094.638024,5026.061976000001,1853.45,0
stryke shirt dark navy m,10,18534.48,10621.743518,7912.736482000001,1853.4479999999999,2
stryke shirt dark navy s,6,11120.7,6153.930454,4966.769546,1853.45,2
stryke shirt khaki l,1,1505.25,969.620551,535.629449,1505.25,1
stryke shirt ranger green l,2,3706.88,1725.078948,1981.801052,1853.44,0
stryke shirt ranger green m,4,7413.780000000001,3664.3200500000003,3749.4599500000004,1853.4450000000002,0
stryke shirt ranger green s,2,3706.9,1725.092092,1981.807908,1853.45,0
stryke shirt storm l,4,7413.8,3974.224792,3439.575208,1853.45,1
stryke shirt tdu green m,2,3706.9,1853.358408,1853.541592,1853.45,1
stryke shirt tdu green s,2,3706.9,1813.072648,1893.827352,1853.45,0
stryke shirt tundra l,4,7413.8,3450.157896,3963.642104,1853.45,0
stryke shirt tundra s,2,3706.9,1739.133404,1967.7665960000002,1853.45,0
stryke tdu pant mcm multicam 30 30,4,15275.88,8119.141132,7156.7388679999995,3818.97,0
stryke tdu pant mcm multicam 36 32,2,7637.94,4059.570566,3578.3694339999997,3818.97,0
super hornet patch blue 1sz,4,506.88,334.0088,172.8712,126.72,0
"suspension nxt,nn,slvr,clp,e3/12,mpt945",4,4793.08,2658.055532,2135.024468,1198.27,0
sw100 esposas de manos smith & wesson,24,21386.4,17280.0,4106.4000000000015,891.1,0
sweet beat patch blue 1 sz,2,293.1,169.3464,123.75360000000003,146.55,0
switch-black body white/ir leds dual,4,6758.64,2862.32308,3896.31692,1689.66,1
taclite pro l/s shirt battle brown m,2,3017.24,1602.448174,1414.7918259999997,1508.62,0
taclite pro l/s shirt black l,2,3017.24,1562.129096,1455.110904,1508.62,0
taclite pro l/s shirt black m,1,1.0,919.95561,-918.95561,1.0,0
taclite pro l/s shirt black s,2,3017.24,1536.666782,1480.5732179999998,1508.62,1
taclite pro l/s shirt coyote m,3,3018.24,2278.4636250000003,739.7763749999997,1006.0799999999999,0
taclite pro l/s shirt coyote s,2,3017.24,1523.105456,1494.1345439999998,1508.62,0
taclite pro l/s shirt dark navy 2xl,3,4852.37,2369.739645,2482.630355,1617.4566666666667,1
taclite pro l/s shirt dark navy 3xl,2,3534.48,1644.94972,1889.53028,1767.24,1
taclite pro l/s shirt dark navy m,4,6034.48,3379.332348,2655.1476519999997,1508.62,2
taclite pro l/s shirt dark navy s,4,6034.48,3409.1064020000003,2625.373597999999,1508.62,0
taclite pro l/s shirt storm l,2,3017.24,1711.961956,1305.2780439999997,1508.62,0
taclite pro l/s shirt storm m,2,3017.24,1532.630698,1484.6093019999998,1508.62,0
taclite pro l/s shirt storm s,2,3017.24,1539.960928,1477.2790719999998,1508.62,1
taclite pro l/s shirt tdu green xl,2,3017.24,1566.91469,1450.3253099999997,1508.62,0
taclite pro l/s shirt tdu khaki m,4,6955.16,3423.923912,3531.2360879999997,1738.79,0
taclite pro l/s shirt tundra s,2,3017.24,1711.961956,1305.2780439999997,1508.62,0
taclite pro l/s shirt white 2xl,6,10357.76,5084.352948,5273.4070520000005,1617.4566666666667,1
taclite pro l/s shirt white l,29,53218.770000000004,25360.511716,27858.258284000003,1835.13,1
taclite pro l/s shirt white m,2,2469.0,1801.699012,667.300988,1234.5,1
taclite pro l/s shirt white s,26,44908.62,23006.952808,21901.667192,1596.0477777777778,2
taclite pro l/s shirt white xl,14,25691.82,11857.854162,13833.965838,1835.13,1
taclite pro s/s shirt black l,2,2741.38,1441.165732,1300.2142680000002,1370.69,0
taclite pro s/s shirt charcoal s,2,2741.38,1441.165374,1300.2146260000002,1370.69,1
taclite pro s/s shirt dark navy s,2,2741.38,1543.717986,1197.662014,1370.69,1
taclite pro s/s shirt tdu green s,2,2741.38,1438.987138,1302.3928620000002,1370.69,1
taclite pro s/s shirt tdu khaki l,2,2741.38,1358.868756,1382.511244,1370.69,1
taclite pro s/s shirt tdu khaki m,2,2741.38,1348.752076,1392.6279240000001,1370.69,0
taclite pro s/s shirt tdu khaki s,2,2741.38,1443.223114,1298.1568860000002,1370.69,0
taclite pro s/s shirt white 2xl,2,3670.26,1434.610564,2235.649436,1835.13,1
taclite pro s/s shirt white l,8,13752.160000000002,7340.915688000001,6411.244312000001,1525.5033333333333,2
taclite tdu pant dark navy m r,2,2713.2,1621.396146,1091.8038539999998,1356.6,0
taclite uniform cap black 1sz,6,2482.7400000000002,1546.157418,936.5825820000001,413.79,1
taclite uniform cap dark navy 1sz,150,29773.5,42322.362,-12548.862000000001,198.49,0
taclite uniform cap tdu green 1 sz,2,827.58,574.630726,252.94927400000006,413.79,1
taclite uniform cap tdu khaki 1 sz,2,827.58,455.773556,371.80644400000006,413.79,1
taco gnome patch multi 1sz,2,379.3,162.691372,216.608628,189.65,1
tactec plate carrier black 1 sz,17,70633.6,49080.345165,21553.254835000003,4364.37090909091,1
tactec plate carrier dark navy 1 sz,1,3545.1,2708.308845,836.7911549999999,3545.1,0
tactec plate carrier mcm multicam 1 sz,4,12078.539999999999,8730.963396,3347.5766039999994,3019.6349999999998,0
tactec plate carrier ranger green 1 sz,3,10635.3,7374.400986000001,3260.899013999999,3545.1,0
tactec plate carrier storm 1 sz,1,3545.1,2675.852326,869.2476739999997,3545.1,0
tactl chihuahua s/s tee navy l,4,1844.84,657.057248,1187.782752,461.21,0
tbl mission s/s tee heather grey m,2,1336.2,734.282928,601.9170720000001,668.1,0
tclt pdu a-cl pant midnight navy 30,383,683655.0,343704.226427,339950.773573,1785.0,1
tclt pdu a-cl pant midnight navy 34,865,1544025.0,772067.71814,771957.28186,1785.0,1
tclt pdu a-cl pant midnight navy 38,234,417690.0,209930.24239200001,207759.75760799999,1785.0,1
tclt pdu a-cl pant midnight navy 40,66,117810.0,58925.933418,58884.066582,1785.0,1
tclt pdu a-cl pant midnight navy 42,40,71400.0,35706.23252,35693.76748,1785.0,1
tclt pdu a-cl pant midnight nvy 32,808,1442280.0,720945.55076,721334.44924,1785.0,1
tclt pdu a-cl pant midnight nvy 36,499,890715.0,445582.077445,445132.922555,1785.0,1
tclt pdu a-cl pant midnight nvy 44,18,32130.0,16180.920756,15949.079244,1785.0,1
tclt pdu a-cl pant midnight nvy 46,10,17850.0,10276.81844,7573.181560000001,1785.0,1
tclt pdu a-cl pant midnight nvy 48,6,10710.0,6343.743012000001,4366.256987999999,1785.0,0
tclt pdu l/s b-cl shirt midnight nvy 2xl,18,34524.0,17286.450606000002,17237.549393999998,1918.0,1
tclt pdu l/s b-cl shirt midnight nvy 3xl,7,13426.0,7735.985481,5690.014519,1918.0,1
tclt pdu l/s b-cl shirt midnight nvy l r,302,579236.0,290630.111928,288605.888072,1918.0,1
tclt pdu l/s b-cl shirt midnight nvy m r,764,1465352.0,734740.2309719999,730611.7690280001,1918.0,1
tclt pdu l/s b-cl shirt midnight nvy s r,293,561974.0,281409.160553,280564.839447,1918.0,1
tclt pdu l/s b-cl shirt midnight nvy xl,97,186046.0,93210.24511399999,92835.75488600001,1918.0,1
tclt pdu s/s b-cl shirt midn nvy 2xl r,10,19180.0,8902.24324,10277.75676,1918.0,1
tclt pdu s/s b-cl shirt midn nvy 3xl t,7,13426.0,7227.246131000001,6198.753868999999,1918.0,1
tclt pdu s/s b-cl shirt midn nvy xl r,20,38360.0,17781.021,20578.979,1918.0,1
tclt pdu s/s b-cl shirt midnight nvy 2xl,7,13426.0,6257.498464,7168.501536,1918.0,0
tclt pdu s/s b-cl shirt midnight nvy l r,287,550466.0,256467.04853,293998.95146999997,1918.0,1
tclt pdu s/s b-cl shirt midnight nvy m r,715,1368700.0,636968.9016,731731.0984,1822.642857142857,1
tclt pdu s/s b-cl shirt midnight nvy m s,5,9590.0,4453.866505,5136.133495,1918.0,0
tclt pdu s/s b-cl shirt midnight nvy m-s,22,42196.0,22907.163598000003,19288.836401999997,1918.0,0
tclt pdu s/s b-cl shirt midnight nvy s r,281,538958.0,250645.074748,288312.925252,1918.0,1
tclt pdu s/s b-cl shirt midnight nvy xl,72,138096.0,64364.842872,73731.15712799999,1918.0,0
tdu 1 1/2 inch belt black 2xl,4,2103.44,1099.41886,1004.0211400000001,525.86,1
tdu 1 1/2 inch belt black l,3,897.54,719.642061,177.89793899999998,299.18,1
tdu 1 1/2 inch belt black m,2,896.54,486.74246,409.79753999999997,448.27,0
tdu 1 1/2 inch belt black s,2,896.54,479.770646,416.76935399999996,448.27,1
tdu 1 1/2 inch belt black xl,2,896.54,505.528866,391.01113399999997,448.27,0
tdu 1 1/2 inch belt kangaroo l,5,1794.08,1375.6592699999999,418.42073000000005,358.816,0
tdu 1 1/2 inch belt kangaroo s,6,2688.0,1622.456826,1065.543174,448.0,0
tdu 1 1/2 inch belt kangaroo xl,4,1792.0,1081.637884,710.362116,448.0,0
tdu 1 3/4 inch belt black l,4,1793.1,1020.181436,772.918564,448.275,1
tdu 1 3/4 inch belt black m,5,1794.08,1237.06638,557.01362,358.816,0
tdu 1 3/4 inch belt black xl,4,1793.08,992.688856,800.3911439999999,448.27,1
tdu 1 3/4 inch belt kangaroo l,2,896.54,557.369276,339.17072399999995,448.27,1
tdu 1 3/4 inch belt kangaroo m,3,897.54,859.425753,38.11424699999992,299.18,1
tlr-6 without laser (glockâ® 26/27/33) wi,4,10716.939999999999,6007.146768,4709.793232,2679.2349999999997,0
tlr-7x usb,10,49310.299999999996,27125.871870000003,22184.428129999997,4931.03,2
tracker bifold 2.0,2,1224.14,722.436902,501.70309800000007,612.07,1
tracker bifold 2.0 blk multicam 1sz,2,1224.14,722.436902,501.70309800000007,612.07,0
train strong tee charcoal htr l,2,1034.48,533.325968,501.15403200000003,517.24,0
trainer 1 1/2 inch belt black l,2,2137.92,1246.131304,891.7886960000001,1068.96,0
trainer 1 1/2 inch belt black m,2,2137.92,1247.503812,890.4161880000001,1068.96,0
trainer 1 1/2 inch belt black xl,2,2137.92,1276.57311,861.34689,1068.96,1
trainer 1 1/2 inch belt coyote xl,2,2138.0,1013.900896,1124.099104,1069.0,1
triblend legacy s/s tee black htr m,2,1413.78,644.732198,769.0478019999999,706.89,0
triblend legacy s/s tee black htr xl,2,1413.78,644.732198,769.0478019999999,706.89,0
tropical lockup ss tee black s,2,1120.7,524.774828,595.9251720000001,560.35,1
tropical lockup ss tee pond l,4,2241.4,1049.549656,1191.8503440000002,560.35,0
tropos baselayer l/s top black m,2,2189.64,1018.12113,1171.5188699999999,1094.82,1
tropos baselayer l/s top black s,2,2189.64,1018.12113,1171.5188699999999,1094.82,1
tropos baselayer tight black m,2,2189.64,1057.996922,1131.6430779999998,1094.82,1
ucr thigh rig black 1 sz,2,2568.96,1144.805572,1424.154428,1284.48,0
"ultimate,fb,se,grn,e3/12,knf1175,ultima",2,3155.16,1759.954584,1395.2054159999998,1577.58,1
uniform hat - adjustable black 1 sz,8,2151.76,1223.510904,928.2490960000002,268.97,0
uniform hat - adjustable black 1sz,32,7448.299999999999,4537.077984,2911.2220159999997,232.75916666666663,6
uniform hat - adjustable dark navy 1 sz,2,537.94,283.39323,254.54677000000004,268.97,0
uniform hat - adjustable dark navy 1sz,4105,1089381.42,578952.304073,510429.115927,235.2351282051282,7
universal kydex holster,10,9172.4,4953.915779999999,4218.48422,917.24,2
usa flag ftg patch fatigue 1sz,2,336.2,120.0,216.2,168.1,0
utili-t 3pk s/s t black 2xl 1pk,13,4420.0,2663.655514,1756.344486,340.0,1
utili-t 3pk s/s t black 3xl 1pk,9,3060.0,2442.9649499999996,617.0350500000004,340.0,1
utili-t 3pk s/s t black l,8,8758.64,5337.335832,3421.3041679999997,1094.83,2
utili-t 3pk s/s t black l 1pk,244,82960.0,50663.851339999994,32296.148660000003,340.0,1
utili-t 3pk s/s t black m,2,2189.66,1245.856104,943.8038959999999,1094.83,1
utili-t 3pk s/s t black m 1pk,760,258400.0,157670.47019999998,100729.52980000002,340.0,1
utili-t 3pk s/s t black s,4,4379.32,2496.963212,1882.3567879999996,1094.83,1
utili-t 3pk s/s t black s 1pk,660,224400.0,137187.24756,87212.75244000001,340.0,1
utili-t 3pk s/s t black xl 1pk,38,12920.0,7733.206757999999,5186.793242000001,340.0,1
utili-t 3pk s/s t dark navy m,2,2189.66,1223.705862,965.9541379999998,1094.83,0
utili-t 3pk s/s t dark navy s,1,985.38,629.875903,355.504097,985.38,1
utili-t 3pk s/s t dark navy xl,1,985.38,656.005703,329.37429699999996,985.38,1
utili-t 3pk s/s t white l,2,2189.66,1183.774764,1005.8852359999998,1094.83,0
utili-t 3pk s/s t white m,2,2189.66,1222.818396,966.841604,1094.83,0
utili-t 3pk s/s t white s,2,2189.66,1222.79137,966.8686299999999,1094.83,0
utility s/s polo academy blue m,2,1903.44,929.470092,973.969908,951.72,0
v.xi xtu mc pant multicam 30 30,2,12672.42,5924.359778,6748.060222,6336.21,1
v.xi xtu mc pant multicam 32 32,2,12672.42,5924.359778,6748.060222,6336.21,0
vector cuerdaâ  12.5mm x 100 mt color neg,5,42200.299999999996,31729.537500000002,10470.762499999993,8440.06,0
vent-tac hat black l/xl,6,4034.12,2242.450974,1791.669026,672.3533333333334,0
vent-tac hat black s/m,6,4034.46,1995.978816,2038.4811839999998,672.41,1
vent-tac hat green l/xl,2,1344.82,747.483658,597.336342,672.41,1
vent-tac hat green m/l,6,4034.46,2242.462068,1791.9979319999998,672.41,1
vent-tac hat kangaroo l/xl,6,4034.46,2238.392898,1796.067102,672.41,2
vent-tac hat kangaroo m/l,8,5379.28,2989.949424,2389.330576,672.41,4
vent-tac hat turbulence l/xl,2,1344.82,747.504004,597.3159959999999,672.41,1
vent-tac hat turbulence m/l,2,1344.82,749.892972,594.927028,672.41,0
viva mãxico keychain black 1sz,8,1517.28,816.215288,701.064712,189.66,1
vulture patch brown 1sz,2,465.5,248.261,217.239,232.75,0
w stryke pdu twl ls cl a unif whte s r,1,1035.47,1180.690035,-145.22003500000005,1035.47,0
wake n w bacon patch brown 1 sz,2,327.58,189.648,137.932,163.79,0
wake n with bacon s/s tee black l,4,1475.8400000000001,1071.2248,404.6152000000001,368.96000000000004,1
watch jacket ranger green m,2,5465.5,2510.882428,2954.617572,2732.75,0
we never miss l/s tee black m,2,1551.72,714.2344,837.4856,775.86,0
"wedge, blk",2,6836.2,3756.130498,3080.069502,3418.1,0
wm abr pro pant dark navy 10 r,2,3539.66,1885.770396,1653.889604,1769.83,0
wm abr pro pant dark navy 2 r,2,3086.2,1885.770396,1200.429604,1543.1,1
wm abr pro pant dark navy 8 r,2,3086.2,1886.042146,1200.1578539999998,1543.1,1
wm abr pro pant kangaroo 8 r,2,3539.66,1886.042146,1653.6178539999999,1769.83,0
wm abr pro pant khaki 10 r,3,3087.2,2634.7325220000002,452.4674779999998,1029.0666666666666,0
wm abr pro pant khaki 6 r,2,3086.2,1886.042146,1200.1578539999998,1543.1,0
wm abr pro pant khaki 8 r,2,3539.66,1885.770396,1653.889604,1769.83,0
wm abr pro pant ranger green 10 r,1,1.0,801.11694,-800.11694,1.0,0
wm abr pro pant ranger green 8 r,2,3086.2,1602.23388,1483.9661199999998,1543.1,0
wm always ready s/s tee blue l,2,922.4,535.6124,386.7876,461.2,0
wm always ready s/s tee blue m,2,922.4,535.6124,386.7876,461.2,0
wm battle tested ss tee black l,4,1844.8,1022.226708,822.5732919999999,461.2,0
wm battle tested ss tee black m,4,1844.8,1022.293692,822.506308,461.2,0
wm battle tested ss tee black xl,2,922.4,511.046366,411.353634,461.2,0
wm camo crest ss tee black s,2,1336.2,734.282928,601.9170720000001,668.1,0
wm camo crest ss tee black xs,2,1336.2,734.282928,601.9170720000001,668.1,0
wm camo crest ss tee marshmallow xs,2,1336.2,734.282928,601.9170720000001,668.1,0
wm cascadia wndbrker vest,2,2597.56,925.136752,1672.423248,1298.78,1
wm club ruck s/s tee black m,2,922.4,535.6124,386.7876,461.2,0
wm club ruck s/s tee black s,2,922.4,535.6124,386.7876,461.2,0
wm fast-tac l/s shirt dark navy xs,8,6844.4,6291.248072,553.1519279999993,855.55,0
wm fast-tac l/s shirt uniform whte l,2,1878.26,1353.612226,524.647774,939.13,0
wm l/s taclite shirt black s,2,3017.24,1809.899164,1207.3408359999999,1508.62,1
wm l/s taclite shirt dark navy l,2,3017.24,1633.576172,1383.6638279999997,1508.62,0
wm l/s taclite shirt dark navy s,4,6034.48,3423.923912,2610.5560879999994,1508.62,0
wm marksman ls,2,2620.7,1398.777398,1221.9226019999999,1310.35,0
wm neon legacy s/s tee black l,2,922.4,535.6124,386.7876,461.2,0
wm neon legacy s/s tee black m,2,922.4,535.6124,386.7876,461.2,0
wm pdu s/s a-cl twl shirt midn nvy xs r,2,2879.3,1470.939662,1408.3603380000002,1439.65,0
wm professional s/s polo dark navy l,2,2620.68,1388.415458,1232.264542,1310.34,0
wm professional s/s polo dark navy m,39,40523.87,37219.977589999995,3303.8924100000067,1036.13,0
wm professional s/s polo dark navy s,73,75876.93000000001,67159.778372,8717.151628000007,1039.41,0
wm ripstop tdu pant dark navy 10 r,72,76218.17,71290.966336,4927.203664000006,1037.785,1
wm ripstop tdu pant dark navy 12 r,58,61432.44,57306.754362,4125.685638000003,1059.18,1
wm ripstop tdu pant dark navy 14 r,25,26479.5,24701.39635,1778.103650000001,1059.18,1
wm ripstop tdu pant dark navy 4 l,1,1059.18,1002.267924,56.91207600000007,1059.18,0
wm ripstop tdu pant dark navy 4 r,5,5295.900000000001,5010.935725,284.96427500000027,1059.18,0
wm ripstop tdu pant dark navy 8 r,47,49781.46000000001,46438.164585,3343.295415000008,1059.18,1
wm stryke pant black 10 r,2,4553.44,2063.02,2490.4199999999996,2276.72,0
wm stryke pant black 4 r,2,3879.3,2023.8036,1855.4964000000002,1939.65,0
wm tclt pdu a-class pant midnight nvy 10,148,264180.0,132114.045116,132065.954884,1785.0,1
wm tclt pdu a-class pant midnight nvy 12,150,267750.0,133949.43959999998,133800.56040000002,1785.0,1
wm tclt pdu a-class pant midnight nvy 14,67,119595.0,60107.283344,59487.716656,1785.0,1
wm tclt pdu a-class pant midnight nvy 16,93,166005.0,83528.942496,82476.057504,1785.0,1
wm tclt pdu a-class pant midnight nvy 18,38,67830.0,39289.954915999995,28540.045084000005,1785.0,1
wm tclt pdu a-class pant midnight nvy 2,107,190995.0,96084.01536399999,94910.98463600001,1785.0,1
wm tclt pdu a-class pant midnight nvy 20,8,14280.0,8532.267392,5747.732608,1785.0,1
wm tclt pdu a-class pant midnight nvy 4,170,303450.0,152827.144,150622.856,1785.0,1
wm tclt pdu a-class pant midnight nvy 6,177,315945.0,158828.238183,157116.761817,1785.0,1
wm tclt pdu a-class pant midnight nvy 8,155,276675.0,138343.568095,138331.431905,1785.0,1
wm tclt pdu l/s b-cl shrt mid navy s r,164,314552.0,157711.70208,156840.29792,1918.0,1
wm tclt pdu l/s b-cl shrt midn nvy m r,1,1.0,1183.279833,-1182.279833,1.0,0
wm tclt pdu l/s b-cl shrt midn nvy xs r,48,92064.0,45804.429552,46259.570448,1918.0,0
wm tclt pdu l/s b-cl shrt midnight navy,157,301126.0,150853.457379,150272.542621,1918.0,1
wm tclt pdu l/s b-cl shrt midnight nvy l,64,122752.0,61494.405824,61257.594176,1918.0,1
wm tclt pdu l/s b-cl shrt midnight nvy x,152,291536.0,146517.450432,145018.549568,1918.0,1
wm tclt pdu s/s b-cl shrt midnight nvy l,59,113162.0,52659.623174,60502.376826,1918.0,1
wm tclt pdu s/s b-cl shrt midnight nvy m,152,291536.0,135563.14635999998,155972.85364000002,1918.0,1
wm tclt pdu s/s b-cl shrt midnight nvy s,163,312634.0,145356.33883999998,167277.66116000002,1918.0,1
wm tclt pdu s/s b-cl shrt midnight nvy x,195,374010.0,174374.34583500001,199635.65416499999,1918.0,1
woodland camo fill hoodie black xl,2,2327.58,940.14432,1387.43568,1163.79,1
wyatt print s/s shirt blue agave knife 2,2,2318.96,1271.464608,1047.495392,1159.48,0
you can brew it patch brown 1 sz,2,301.72,159.231,142.48900000000003,150.86,0
zero quit ruck s/s tee military grn l,2,922.4,535.6124,386.7876,461.2,1
