normalized_description,cantidad_total_importada,costo_unitario_promedio_import,gastos_logisticos_promedio,tiempo_promedio_entrega,ultima_fecha_importacion
1.5in low pro tdu belt,69,28661.2,4217.6,14.066666666666666,2024-12-30
2 banger,30,68400.0,80481.0,14.5,2024-07-11
28 single rifle case,3,93839.0,10573.0,18.5,2024-07-19
3-in-1 parka 2.0,5,403316.0,260784.0,20.0,2024-09-19
36 double rifle case,1,215386.0,23845.0,20.0,2024-02-19
36 single rifle case,5,101186.0,14502.5,17.0,2024-07-19
4-banger,1,78222.0,9369.0,21.0,2024-01-26
4-in-1 patrol jacket 2.0,50,396209.5,474562.75,19.0,2024-08-26
42 single rifle case,2,113948.0,13066.0,17.0,2024-07-19
5-in-1 jacket 2.0,55,331724.0,972242.0,20.0,2024-02-19
5.11 a/t 6,336,181629.57894736843,100910.86842105263,16.94736842105263,2024-09-05
5.11 a/t 6 sz,1275,195895.1875,763652.125,14.875,2024-12-30
5.11 a/t 8,20,229289.0,129353.0,19.0,2024-08-26
5.11 a/t mid,1471,171229.97222222222,212169.08333333334,14.98611111111111,2024-09-05
5.11 balaclava,55,31767.0,59441.0,14.0,2024-10-14
5.11 boonie hat,14,49248.0,8138.4,15.0,2024-12-30
5.11 boonie hat multicam,24,58808.375,13849.125,14.875,2024-12-30
5.11 hooded ls tee,12,42317.0,5451.0,19.0,2024-03-04
5.11 scope patch,20,7789.0,1599.0,19.0,2024-03-04
5.11 scope s/s tee,33,37752.0,9691.75,14.0,2024-12-30
5.11 valiant duty jacket,26,109275.0,173926.2,20.8,2024-02-19
6.6 med pouch,8,51062.0,16572.0,18.0,2024-11-15
abr island-nade ss tee,6,26606.0,4416.0,17.0,2024-06-07
abr pro pant,1360,65815.13333333333,61519.42857142857,17.19047619047619,2024-12-21
adventure primaloft vest,22,105523.375,16424.0,15.5,2024-11-27
akimbo,10,409832.0,418397.0,15.0,2024-11-27
alpha neck gaiter,10,24411.0,19349.0,17.0,2024-03-11
als/bls duffel,1,295228.0,32684.0,20.0,2024-02-19
alta belt,11,60843.0,18100.333333333332,18.0,2024-11-15
amphibian immersion suit for pro blck/or,7,3434655.0,199325.0,10.0,2024-12-26
apex pant,673,96478.61688311688,29034.74025974026,16.928571428571427,2024-11-21
aramis camo short,4,46251.0,433.0,17.0,2024-04-05
atac 2.0 6 sz desert,51,162872.81818181818,56341.09090909091,19.0,2024-08-26
atac 2.0 8,3109,169985.6551724138,1839343.8275862068,19.75862068965517,2024-12-18
atac 2.0 8 arid,6,146374.0,72681.0,19.0,2024-03-04
atac 2.0 8 desert,24,185165.66666666666,73457.0,13.333333333333334,2024-09-19
atac 2.0 8 storm,217,204817.70588235295,166731.17647058822,17.88235294117647,2024-12-30
axolotl patch,25,10203.0,26156.0,19.0,2024-08-26
base 2bk utility folder,12,20977.0,21589.0,17.0,2024-03-11
base 3dp,22,32899.5,11729.5,19.0,2024-11-21
basic patrol bag,429,80467.0,1735203.0,19.5,2024-11-15
"battery, sl-b26 usb 2",12,37063.0,85236.0,9.0,2024-02-02
battle rations s/s tee,12,36717.0,10283.0,14.0,2024-12-30
beretta 92fs iwb kydex holster (optic ready),6,56209.0,73418.0,9.0,2024-02-02
beretta 92fs owb kydex paddle holster,6,62461.0,81585.0,9.0,2024-02-02
big horn jacket,7788,111085.91129032258,445624.5483870968,14.838709677419354,2024-12-21
bike patrol pant,122,142769.88888888888,48295.0,15.333333333333334,2024-12-30
bike patrol polo s/s,52,57517.666666666664,32902.0,16.0,2024-05-25
"black / ambidextrous (no sweatguard) / optic/rmr cut - sku: sfahellcatpro-
bk-tuck-rmr",10,56859.0,5068.0,17.0,2024-08-02
"black / ambidextrous (no sweatguard) / standard cut - sku: ssrp320fs-
bk-tuck",8,56859.0,40544.0,17.0,2024-08-02
"black / ambidextrous (no sweatguard) / xd 3"" subcompact - sku:
sfa-xd3sub-bk-tuck",10,56859.0,5068.0,17.0,2024-08-02
"black / ambidextrous (no sweatguard) / xd 4"" full size service
model - sku: sfa-xd40fs-bk-tuck",10,56859.0,5068.0,17.0,2024-08-02
"black / right hand / optic cut - 
sku: glk-192332-bk-rh-var-rmr 15",15,4037.0,5397.0,17.0,2024-08-02
braxton jacket,25,189879.25,22303.75,15.083333333333334,2024-11-15
calacuerno patch,25,9339.0,26156.0,19.0,2024-08-26
calacuerno tee,18,32344.0,10614.4,19.0,2024-08-26
calceti bota d combat ts azul osc,2100,5902.0,683814.6666666666,7.0,2024-10-03
calcetin bota combate t.s. azul t. 9-,1445,5772.5,729320.5,7.0,2024-10-03
calcetin bota d combate ts beige t,103,5772.5,51999.5,7.0,2024-10-03
calcetin bota de combat ts negro,776,5772.5,390906.0,7.0,2024-10-03
calcetin bota de combate t.s beige,60,6161.0,60805.0,7.0,2024-10-03
calcetin bsport t.s. blanco t. 10-12,130,5384.0,115117.0,7.0,2024-10-03
calcetin bsport t.s. blanco t. 9-11,130,5384.0,115117.0,7.0,2024-10-03
calcetin bsport t.s. gris medio t. 10-,130,5384.0,115117.0,7.0,2024-10-03
calcetin bsport t.s. negro t. 10-12,130,5384.0,115117.0,7.0,2024-10-03
calcetin bsport t.s. negro t. 9-11,130,5384.0,115117.0,7.0,2024-10-03
calcetin de combate t.s. beige t. 9-11,108,5772.5,54213.0,7.0,2024-10-03
calcetin de combate t.s. negro t. 10-,2950,5772.5,1491602.0,7.0,2024-10-03
calcetin de combate t.s. negro t. 9-,3340,5772.5,1683464.0,7.0,2024-10-03
calcetin talonera gris t. 9-11,130,5384.0,115117.0,7.0,2024-10-03
camo crest s/s tee,24,36717.0,10283.0,14.0,2024-12-30
"capto, 11mm, cmc",5,472142.0,208933.0,17.0,2024-07-11
"carabiner, ps auto red, cmc",10,65121.0,57635.0,17.0,2024-07-11
"carabiner, ps lock brt, cmc",10,58018.0,51348.0,17.0,2024-07-11
celia s/s shirt,147,52300.2,114095.4,20.4,2024-12-21
cfk 4,10,76953.0,78724.0,18.0,2024-03-22
cfk 7 peacemaker,10,132202.0,113378.0,17.0,2024-03-11
chameleon softshell 2.0,53,137195.2105263158,30533.36842105263,16.842105263157894,2024-11-15
cheve clara patch,25,9339.0,26156.0,19.0,2024-08-26
chipote keychain,24,8781.0,3586.0,17.0,2024-08-26
cl a fast-tac twill l/s,544,69293.25,189866.375,14.75,2024-10-18
cl a fast-tac twl l/s-tl,13,79750.4,11686.8,13.4,2024-10-18
cl a fast-tac twl pnt,1228,45724.77777777778,351528.55555555556,16.77777777777778,2024-11-27
cl a fast-tac twl pnt lg,3,74736.0,5703.0,17.0,2024-10-18
"clutch, 11mm, cmc",4,1117582.0,395643.0,17.0,2024-07-11
company 3.0 carbon tac,1,204869.0,12358.0,14.0,2024-08-05
company pant 2.0,397,86224.6,190220.2,19.1,2024-06-13
company pant 2.0-lg,6,99157.0,15798.0,21.0,2024-04-29
competition shtg glv 2.0,121,37525.666666666664,78375.16666666667,18.833333333333332,2024-12-30
covrt18 2.0,2,161351.0,18501.0,17.0,2024-07-19
crossed axe mountain tee,11,23144.666666666668,4677.666666666667,17.0,2024-07-19
daily deploy push pack,105,57160.5,128514.75,16.75,2024-11-15
defender-flex jean strt,22,57382.625,13324.875,16.625,2024-04-29
desert-locust-blk 1l-clr,3,59947.0,1603.0,17.0,2024-08-02
desert-locust-blk 1l-smk,2,59947.0,10687.0,17.0,2024-08-02
division digital,7,106502.0,30352.0,14.0,2024-08-30
dm talon fixed,6,92469.0,47676.0,12.0,2024-04-30
doohickey clipkey key tool black,16,4969.0,6819.0,17.0,2024-03-11
double duty tdu belt 1.75,123,33894.125,34974.375,13.5,2024-11-15
double pistol case,4,53517.0,17368.0,18.0,2024-11-15
dredger 7in short,8,55675.0,5267.0,18.0,2024-03-22
duty softshell jacket,31,183557.0,60346.2,24.0,2024-12-21
edt rescue,15,14645.0,1884.0,17.0,2024-03-11
ellis s/s shirt,11,73844.6,12383.8,17.4,2024-11-06
enduro pro usb ind,6,87661.0,30216.0,26.0,2024-12-21
eum id patch,25,9011.0,12431.0,15.0,2024-06-13
evo 2.0 8 wp sz,180,166847.0,169093.1,12.0,2024-05-25
evo 8 wp cst en/as nzs,130,214457.0,178345.375,17.0,2024-07-19
exo.e external elbow pad,207,23023.5,132072.0,14.75,2024-11-15
exo.k external knee pad,288,33021.5,215930.75,14.5,2024-11-15
fast tac 6,1704,113525.03225806452,291672.2580645161,17.35483870967742,2024-08-02
fast tac 8,803,134786.84210526315,410538.15789473685,14.68421052631579,2024-11-13
fast tac vest,214,93101.83333333333,37770.26190476191,19.285714285714285,2024-11-21
fast-tac 12 backpack,4,9754.0,22368.0,17.0,2024-07-19
fast-tac cargo pant,1933,72402.82644628099,81574.61983471074,15.338842975206612,2024-11-21
fast-tac cargo pant lg,1,80714.0,6422.0,12.0,2024-04-30
fast-tac l/s shirt,4494,51367.49635036496,120203.48175182482,15.737226277372264,2024-12-30
fast-tac l/s shirt - tal,7,54925.6,5675.8,14.4,2024-05-25
fast-tac s/s shirt,2474,35981.65517241379,122190.60344827586,16.275862068965516,2024-11-15
fast-tac s/s shirt- tal,1,6856.0,5446.0,12.0,2024-04-30
fast-tac tdu pant,2973,53562.36486486487,142616.16216216216,17.027027027027028,2024-12-30
fast-tac tdu pant lg,37,27930.9,15687.5,16.7,2024-12-21
fast-tac tdu shirt,5661,47878.416666666664,452798.22222222225,17.25,2024-12-21
fast-tac tdu shirt tall,12,66215.0,24071.0,12.0,2024-05-25
fast-tac uniform hat,4654,17591.9,181473.6,14.9,2024-11-06
fast-tac urban pant,3584,51242.403973509936,84672.8476821192,16.99337748344371,2024-11-21
fastfit covert lg,3,23456.0,4213.0,11.0,2024-08-30
fastfit covert sm,4,23921.0,9045.0,26.0,2024-08-26
fastfit covert xl,1,23921.0,2261.0,26.0,2024-08-26
fastfit coyote sm,3,23921.0,6784.0,26.0,2024-08-26
fastfit coyote xl,3,23921.0,6784.0,26.0,2024-08-26
fastfit multicam sm,3,23921.0,6784.0,26.0,2024-08-26
fastfit multicam xl,2,23921.0,4523.0,28.0,2024-08-26
ferro knife,15,31898.0,48948.0,18.0,2024-03-22
field watch 2.0,12,169918.5,42120.5,14.0,2024-08-30
filling hose 300-200bar g5/8 ebs,2,44794.0,52353.0,10.0,2024-12-26
flag bearer cap,142,31533.5,170576.5,17.0,2024-08-26
flag bearer cap mc,24,38766.0,19433.0,16.0,2024-12-30
flex 9.6 pouch,5,51065.0,20716.0,18.0,2024-11-15
flex admin pouch,30,43050.5,26991.0,17.25,2024-11-15
flex dbl ar 2.0 pouch,16,42961.0,17736.0,16.0,2024-04-10
flex dbl ar 2.0 pouch mc,6,50269.0,24849.0,17.0,2024-03-11
flex dbl pistl 2.0 pch mc,6,42439.0,20978.0,17.0,2024-03-11
flex dbl pistol 2.0 pouch,20,36982.25,3564.5,17.75,2024-03-11
flex disposable glv pouch,5,34862.0,14142.0,18.0,2024-11-15
flex radio 2.0 pouch,12,22444.0,22032.5,17.0,2024-04-05
flex sgl mlti cal pch,66,46164.0,201353.0,15.0,2024-11-06
flex sgl pstl mlti pch,8,23931.0,4288.0,19.0,2024-03-04
flex sgl pstl mlti pch mc,2,30826.0,5524.0,19.0,2024-03-04
flex trpl ar cvr pouch,6,85927.0,4183.0,18.0,2024-11-15
flex-tac tdu rapid ls,771,94762.13636363637,213284.5,16.954545454545453,2024-12-30
freedom flex ss shirt,376,80221.875,90717.45833333333,18.0,2024-11-27
freedom flex woven ls,82,69633.72727272728,39390.545454545456,18.272727272727273,2024-11-15
h20 carrier,3,45667.0,11116.0,18.0,2024-11-15
halo neck gaiter,16,16514.5,10242.0,18.5,2024-11-15
hand warmer,12,53564.0,26478.0,17.0,2024-03-11
hardpoint b150,40,8717.0,10836.0,15.333333333333334,2024-04-30
hardpoint b175,24,9846.0,9043.0,12.0,2024-04-30
hardpoint m2,20,6049.0,5577.0,18.0,2024-11-15
hardpoint mk1,20,5937.0,4684.0,19.5,2024-11-21
hecho en 5.11 mexico,25,8223.0,12431.0,15.0,2024-06-13
heron knife,10,40461.0,35057.0,18.0,2024-11-15
holster pouch,20,23647.0,39045.0,12.0,2024-04-30
i scope patch mx,25,7906.0,14813.0,12.0,2024-05-25
i-vis sampler kit stingerhawk-rg,1,606.0,54.0,17.0,2024-08-02
icarus dp mini,6,36783.0,19122.0,18.0,2024-11-15
icon pant,49,112092.0,39041.09090909091,18.0,2024-11-15
iwb kydex holster (optic ready) fits: glock g17 g19 g22 g23 g26 g27 g31 g32 g33 g34 g45 (gen 1-5),12,56209.0,146836.0,9.0,2024-02-02
job shirt 1/4 zip 2.0,316,94982.71428571429,310150.5714285714,16.285714285714285,2024-10-28
keyrack plus s biner black,18,5378.0,8302.0,17.0,2024-03-11
keyrack steel s biner black,42,7962.0,16349.5,17.0,2024-03-11
keyrack steel s biner stainless,18,7962.0,14014.0,17.0,2024-03-11
kubaton tactical pen,30,32456.0,41753.0,17.0,2024-03-11
landover 9in short,9,50781.0,4361.0,19.0,2024-03-04
le emt 2.0,12,70454.0,72507.0,17.0,2024-03-11
legacy box trucker,42,33825.28571428572,15389.285714285714,18.285714285714285,2024-11-15
letter and reticle ss tee,12,26237.0,3379.5,19.0,2024-03-04
liberty flex l/s shirt,181,54160.94736842105,42986.63157894737,18.68421052631579,2024-11-15
lv m4,12,137094.5,58422.0,15.5,2024-04-10
lv m4 shorty,12,132676.0,65583.0,17.0,2024-03-11
lv8 sling pack,6,96418.0,4766.0,17.0,2024-03-11
lvc6 2.0 waist pack,26,52474.0,46082.5,14.0,2024-08-05
lvc8 sling pack,12,95887.0,58387.0,15.0,2024-06-13
m-mpact fingerless covert lg,7,48072.0,45143.0,56.0,2024-09-19
m-mpact fingerless covert xl,4,31547.0,16929.0,56.0,2024-09-19
m-pact 3 covert lg,6,70907.0,40218.0,26.0,2024-08-26
m-pact 3 covert md,5,70907.0,33515.0,26.0,2024-08-26
m-pact 3 covert sm,3,70907.0,20109.0,26.0,2024-08-26
m-pact 3 coyote md,3,70907.0,20109.0,26.0,2024-08-26
m-pact covert lg,206,48010.0,389061.5,19.0,2024-08-26
m-pact covert md,237,48010.0,447660.5,19.0,2024-08-26
m-pact covert sm,122,48010.0,231687.0,19.0,2024-08-26
m-pact covert xl,24,48010.0,13320.0,19.0,2024-08-26
m-pact coyote lg,7,50633.0,33506.0,26.0,2024-08-26
m-pact coyote md,5,50633.0,23933.0,26.0,2024-08-26
m-pact coyote sm,4,50633.0,19146.0,26.0,2024-08-26
m-pact coyote xl,3,50633.0,1436.0,26.0,2024-08-26
m-pact fingerless covert md,8,38208.0,28895.0,26.0,2024-08-26
machete cinco once,25,8781.0,6764.0,17.0,2024-08-26
"macrostream usb, black",6,65075.0,30291.0,17.0,2024-07-11
mapa mexico,25,8223.0,12431.0,15.0,2024-06-13
marksman l/s shirt,17,60937.0,12708.714285714286,19.0,2024-03-04
marksman s/s shirt,334,59773.57142857143,63658.71428571428,18.571428571428573,2024-07-05
marksman utility s/s shrt,19,71323.0,20935.4,18.6,2024-11-15
material publicitario,9,278.0,0.0,9.0,2024-02-02
maverick assaulters belt,20,131997.0,105395.66666666667,21.0,2024-01-26
maverick edc 1.5 belt,56,29727.133333333335,34673.0,16.266666666666666,2024-11-15
"med sled vertical lift rescue sled 36'' w/harness - coyote brown
 - includes (1) ms36vlr-cb sled (1) msvlrhar harness",2,2567614.0,1057284.0,22.0,2024-11-12
mexico 5.11 fill ss tee,5,29152.0,12517.0,19.0,2024-03-04
micro stream usb coy/,6,6574.0,2266.0,26.0,2024-12-21
mission ready dog collar,38,9003.285714285714,5514.857142857143,17.285714285714285,2024-11-15
mission ready dog harness,57,56176.846153846156,6417.461538461538,17.23076923076923,2024-11-15
mission ready dog leash,20,39475.0,26667.0,14.0,2024-08-05
moab 10,31,138561.0,493906.0,17.0,2024-06-07
moab 6,140,101320.0,294833.4,17.0,2024-07-19
motor cycle breeches,101,198981.42857142858,86242.14285714286,15.428571428571429,2024-12-30
mrksmn utility pld s/s,9,36617.8,11148.6,17.4,2024-11-06
mx aguila legacy patch,25,10203.0,26156.0,19.0,2024-08-26
natures overlander patch,5,7789.0,3997.0,19.0,2024-03-04
natures overlandr ss tee,12,26237.0,3379.5,19.0,2024-03-04
nikita l/s shirt,6,63204.0,26473.0,18.0,2024-07-05
no mercy pt-r s/s top,27,31149.583333333332,9769.5,17.0,2024-12-30
offroad dreamin trucker,6,31441.0,13707.0,18.0,2024-11-15
one shoe blck/wht 40,2,12187.0,10714.0,10.0,2024-12-26
one shoe blck/wht 41,2,12187.0,10714.0,10.0,2024-12-26
one shoe blck/wht 43,1,12187.0,5357.0,10.0,2024-12-26
one shoe blck/wht 44,2,12187.0,10714.0,10.0,2024-12-26
operator 1 3/4 inch belt,32,71730.22222222222,17876.11111111111,14.444444444444445,2024-12-30
original covert lg,56,34511.0,79900.0,19.0,2024-08-26
original covert md,97,34511.0,113012.5,19.0,2024-08-26
original covert sm,61,34511.0,22486.0,19.0,2024-08-26
original covert xl,23,34511.0,33963.5,19.0,2024-08-26
original coyote md,2,36397.0,6881.0,26.0,2024-08-26
original coyote sm,4,3569.0,8548.0,11.0,2024-08-30
original coyote xl,2,36397.0,6881.0,26.0,2024-08-26
original multicam md,3,36397.0,10322.0,26.0,2024-08-26
original multicam sm,2,36397.0,6881.0,26.0,2024-08-26
original multicam xl,2,36397.0,6881.0,26.0,2024-08-26
outpost chrono,6,140137.0,2995.0,11.0,2024-08-30
overlander trucker,6,28349.0,14609.0,19.0,2024-03-04
overwatch briefcase,6,103009.0,50918.0,17.0,2024-03-11
owb kydex paddle holster (optic ready) fits: glock g17 g19 g22 g23 g26 g27 g31 g32 g33 g34 g45 (gen 1-5),12,62461.0,163169.0,9.0,2024-02-02
packable jacket,396,64566.11111111111,304971.77777777775,17.333333333333332,2024-11-15
pancho villa patch,25,9607.0,6764.0,17.0,2024-08-26
pancho villa tee,32,32344.0,23588.0,19.0,2024-08-26
pathfinder,6,107798.0,15359.0,11.0,2024-08-30
patriots purpose patch,10,7789.0,7995.0,19.0,2024-03-04
pawprint locker keyrack,12,10131.0,11888.0,17.0,2024-03-11
pdu cl a tw s/s shirt,226,60054.666666666664,137806.66666666666,21.0,2024-04-29
pdu l/s a-cl tw shirt,316,78317.3,113893.6,19.8,2024-10-18
pdu l/s b-cl tw shirt,1022,88649.75,607345.5,15.75,2024-10-18
performance l/s polo,713,60796.232558139534,52352.53488372093,17.441860465116278,2024-11-15
performance s/s polo,673,62198.596774193546,42015.91935483871,16.93548387096774,2024-12-21
polytac 90x usb org,18,85491.0,294917.0,9.0,2024-02-02
polytac x usb,492,69713.0,2713775.0,15.0,2024-06-26
"polytac x usb, blk bo",12,75023.0,172536.0,9.0,2024-02-02
portable electric lamps,210,67516.0,1263765.0,17.0,2024-08-02
portable electric lamps protac 2l-x,186,89168.0,2311282.0,22.0,2024-09-19
preston jacket,59,159596.0,197091.6,19.4,2024-03-04
professional l/s polo,150,72032.83333333333,56871.833333333336,14.416666666666666,2024-08-26
professional s/s polo,523,60100.434782608696,69610.43478260869,16.869565217391305,2024-10-17
protac 2.0,78,137783.0,2059659.0,9.0,2024-02-02
protac 2aa coy,18,9262.0,319507.0,9.0,2024-02-02
protac 2l,12,11246.0,258633.0,9.0,2024-02-02
protac 2l-x usb box,1074,90898.0,720002.0,16.0,2024-12-21
protac hl-x usb box,1494,126360.8,3048862.4,18.2,2024-12-21
protac hl5-x usb box,12,231574.0,53257.0,9.0,2024-02-02
pt rm hl-x blk w/1865,6,28275.0,97461.0,26.0,2024-12-21
pt-r arrive 1/4 zip flc,24,66016.0,11338.0,19.0,2024-03-04
pt-r charge l/s 2.0,11,6698.0,17195.25,14.0,2024-12-30
pt-r havoc short,36,75505.0,21145.5,14.0,2024-12-30
pt-r wm catalyst full zip,155,61448.0,132977.6,18.0,2024-07-05
push pack,4,86907.0,28205.0,18.0,2024-11-15
quetzalavera patch,25,9339.0,26156.0,19.0,2024-08-26
"radiant rechargeable led glow
stick disc o select",108,1097.0,50807.5,17.0,2024-03-11
range master pouch lg,9,15122.666666666666,2173.0,18.0,2024-03-11
range master pouch md,1,31565.0,3495.0,20.0,2024-02-19
range ready trainer bag,5,155748.5,32078.5,17.0,2024-03-11
rapid assault shirt,93,53090.444444444445,80892.11111111111,18.666666666666668,2024-09-19
rapid duffel sierra,3,55625.0,13748.0,17.0,2024-03-11
rescue 8,7,68643.0,57144.0,24.0,2024-12-21
response jacket,281,102071.21052631579,91266.8947368421,15.578947368421053,2024-10-07
ridge pant,210,104411.0,47522.851851851854,17.37037037037037,2024-11-15
"rig plate, squid, black, cmc",3,217253.0,55099.0,17.0,2024-07-11
ripstop tdu l/s shirt,1445,86228.375,267006.40625,16.75,2024-12-30
ripstop tdu pant,1544,85510.36956521739,169619.34782608695,15.91304347826087,2024-11-21
rounded hat,5,4037.0,1799.0,17.0,2024-08-02
rounded sign,3,2018.0,54.0,17.0,2024-08-02
rounded stickers,1,2018.0,18.0,17.0,2024-08-02
rush lbd lima,22,108435.6,39393.6,16.0,2024-08-05
rush lbd mike,22,113428.33333333333,78210.0,17.666666666666668,2024-03-22
rush lbd xray,4,148333.0,24441.0,17.0,2024-03-11
rush12 2.0 backpack,54,126330.5,38944.25,16.833333333333332,2024-11-15
rush24 2.0 backpack,185,163115.72727272726,226316.0,16.818181818181817,2024-11-15
rush72 2.0 backpack,23,197777.0,93689.75,17.0,2024-03-11
rx carrier,6,20891.0,11172.0,17.0,2024-08-02
rx carrier+connector-a,3,20891.0,5586.0,17.0,2024-08-02
"s biner stainless steel dual
carabiner 2 black",72,2189.0,7704.0,17.0,2024-03-11
"s biner stainless steel dual
carabiner 3 stainless",36,2547.0,8966.0,17.0,2024-03-11
"s biner stainless steel dual 
carabiner 3 stainless",36,2547.0,8966.0,17.0,2024-03-11
s/s taclite pdu shirt,3,96664.0,17772.0,13.0,2024-10-07
sawfly-rg-blk 1l-clr hc,2,57222.0,10201.0,17.0,2024-08-02
sawfly-rg-blk 1l-smk hc,2,57222.0,10201.0,17.0,2024-08-02
sawfly-rg-blk 2l-clr/smk hc,2,89012.0,15868.0,17.0,2024-08-02
scope patch,40,7706.5,4195.0,16.5,2024-04-30
select carry pistol pouch,24,49681.0,68359.0,17.0,2024-07-19
sierra bravo duty blt,210,82704.4,283062.8,19.0,2024-08-26
sig sauer sp2022 iwb kydex holster,6,56209.0,73418.0,9.0,2024-02-02
sig sauer sp2022 owb kydex paddle holster,6,62461.0,81585.0,9.0,2024-02-02
single pistol case,4,46646.0,15138.0,18.0,2024-11-15
skillful survival ss tee,1,29392.0,162.0,17.0,2024-07-19
skyweight srvl chest pk,38,52874.25,32185.0,17.5,2024-11-15
skyweight util chest pk,30,53202.5,36420.75,17.5,2024-11-15
"slidelock 360 magnetic locking
dual carabiner blue",36,12261.0,18928.5,17.0,2024-03-11
"slidelock 360 magnetic locking
dual carabiner olive",32,12261.0,16825.5,17.0,2024-03-11
"slidelock carabiner stainless steel
4 black",42,400.0,5045.5,17.0,2024-03-11
"slidelock carabiner stainless steel
6 black",18,6151.0,10826.0,17.0,2024-03-11
"slidelock carabiner stainless steel
size 3 black",42,349.0,7167.0,17.0,2024-03-11
"slidelock key ring stainless steel
black",48,4358.0,10228.0,17.0,2024-03-11
"slidelock key ring stainless steel
stainless",40,4358.0,8523.5,17.0,2024-03-11
slingshot-blk 1l-cano,1,111012.0,9895.0,17.0,2024-08-02
slingshot-blk 1l-verso,1,111012.0,9895.0,17.0,2024-08-02
smith & wesson m300 / black - sku: cex-hchm300-bk,4,5807.0,20704.0,17.0,2024-08-02
sock & awe ballistic med,6,13197.0,6276.0,17.0,2024-03-11
specialty 0.5mm covert sm,4,42207.0,1596.0,26.0,2024-08-26
specialty 0.5mm covert xl,2,42389.0,5402.0,13.0,2024-10-07
specialty 0.5mm coyote md,3,42207.0,1197.0,26.0,2024-08-26
specialty 0.5mm coyote sm,4,46466.0,24934.0,56.0,2024-09-19
specialty vent covert md,3,42207.0,1197.0,26.0,2024-08-26
specialty vent covert sm,3,42207.0,1197.0,26.0,2024-08-26
specialty vent coyote sm,3,42207.0,1197.0,32.0,2024-08-26
speed 4.0 8 ar670-1,107,148012.90322580645,42022.3870967742,17.93548387096774,2024-11-15
speed 4.0 8 arid,143,147721.77777777778,166308.33333333334,14.777777777777779,2024-12-30
speed 4.0 8 sz,2774,149765.47727272726,541815.6818181818,14.818181818181818,2024-11-27
"standard / black / universal iwb - 
sku: rg-unvrsl-stndrd-blk",65,5046.0,292351.0,17.0,2024-08-02
stay sharp ss tee,8,38826.0,570.6666666666666,17.0,2024-07-19
steel jacket mltl 2.0,12,25332.0,2607.0,17.0,2024-03-11
steel jacket money clip,12,17415.0,17923.0,17.0,2024-03-11
steelie squeeze vent kit,9,28866.0,25404.0,17.0,2024-03-11
stingerhawk-lg-blk 1l-clr,3,76296.0,20402.0,17.0,2024-08-02
stingerhawk-lg-blk 1l-smk,3,76296.0,20402.0,17.0,2024-08-02
stingerhawk-rg-blk 1l-clr,96,81506.0,274534.5,14.0,2024-08-30
stingerhawk-rg-blk 1l-smk,576,76296.0,1958552.0,17.0,2024-08-02
stingerhawk-rg-blk 2l-clr/smk,6,124926.0,48815.0,11.0,2024-08-30
stingerhawk-rg-blk 3l-clr/smk/ver,4,155948.0,40625.0,11.0,2024-08-30
stingerhawk-rg-blk 3l-clr/smk/yel,4,155948.0,40625.0,11.0,2024-08-30
stingerhawk-rglens-smk,90,43827.0,283738.0,15.0,2024-11-06
stratos hood,32,50471.25,24025.5,17.5,2024-11-15
streamlight tlr-7 / black / tuckable - sku: arc-tlr7-bk-xfer,8,72602.0,5177.0,17.0,2024-08-02
stryke pant w/flex-tac tm,1844,96871.14285714286,107208.46428571429,17.375,2024-11-06
stryke shirt,340,92251.11904761905,51228.28571428572,15.333333333333334,2024-11-15
stryke shirt tall,1,108135.0,5961.0,17.0,2024-07-19
stryke tdu ls shirt,150,119100.36363636363,108989.09090909091,14.909090909090908,2024-08-26
stryke tdu ls shirt tall,5,142418.0,64914.0,19.0,2024-08-26
stryke tdu pant mcm,7,214943.75,28277.75,15.25,2024-11-06
swr stalk coy arc rai,6,258368.0,297095.0,9.0,2024-02-02
t/s 0.5mm m-pact covert sm,3,58129.0,16485.0,26.0,2024-08-26
tac a4,276,40067.75,224310.5,18.0,2024-11-15
taclite 4.0,11,48267.0,14697.75,20.0,2024-02-19
taclite pant - lg,4,83714.5,16430.0,17.5,2024-07-05
taclite pro l/s shirt,5291,66848.13407821229,110829.7374301676,16.178770949720672,2024-11-27
taclite pro l/s shirt tdu khaki l,15,107525.0,14286.0,24.0,2024-12-21
taclite pro l/s shirt tdu khaki m,21,107525.0,23810.0,24.0,2024-12-21
taclite pro l/s shirt tdu khaki s,3,107525.0,28572.0,24.0,2024-12-21
taclite pro l/s shirt tdu khaki xl,5,107525.0,4762.0,24.0,2024-12-21
taclite pro l/s shrt tall,76,90524.0,393959.0,20.5,2024-02-19
taclite pro pant,5620,61989.4899328859,72107.62751677852,16.231543624161073,2024-12-21
taclite pro pant tdu khaki 30 32,5,97284.0,21542.5,24.0,2024-12-21
taclite pro pant tdu khaki 32 32,14,97284.0,120637.0,24.0,2024-12-21
taclite pro pant tdu khaki 34 32,18,97284.0,77552.5,24.0,2024-12-21
taclite pro pant tdu khaki 36 32,3,97284.0,12925.5,24.0,2024-12-21
taclite pro pant tdu khaki 40 32,4,97284.0,34468.0,24.0,2024-12-21
taclite pro s/s shirt,921,72163.05882352941,65665.3137254902,17.137254901960784,2024-12-21
taclite tdu l/s shirt,2,7833.0,6239.0,12.0,2024-04-30
taclite uniform cap,291,22732.285714285714,56925.142857142855,16.0,2024-11-15
taclite uniform cap black 1 sz,10,30081.0,26644.0,24.0,2024-12-21
taclite uniform cap tdu green 1 sz,37,30081.0,98585.0,24.0,2024-12-21
tactec plate carrier,475,228889.46153846153,710250.2307692308,16.53846153846154,2024-11-15
tactec plate carrier mcm,4,306387.0,99434.0,18.0,2024-11-15
tactl chihuahua s/s tee,10,16705.666666666668,1582.8333333333333,16.0,2024-08-05
tbl mission s/s tee,8,36717.0,6855.5,14.0,2024-12-30
tclt pdu a-cl pant,5258,81248.05194805194,317188.5974025974,14.818181818181818,2024-12-30
tclt pdu l/s b-cl shirt,3827,75328.84745762713,295566.3220338983,16.35593220338983,2024-12-30
tclt pdu s/s b-cl shirt,1953,82579.39024390244,207373.0243902439,16.853658536585368,2024-12-30
tdu 1 1/2 inch belt,923,23451.793103448275,38598.93103448276,16.482758620689655,2024-11-15
tdu 1 3/4 inch belt,2607,27079.214285714286,129890.92857142857,14.571428571428571,2024-12-30
tlr-7x usb,6,271355.0,126311.0,17.0,2024-07-11
tracker bifold 2.0,24,36690.5,16690.0,19.5,2024-11-21
train strong tee,9,26666.0,330.75,17.0,2024-07-19
trainer 1 1/2 inch belt,209,56978.434782608696,41852.30434782609,17.434782608695652,2024-11-21
transporter carabiner,10,109562.0,111852.0,15.0,2024-11-27
triblend legacy s/s tee,10,32237.0,4442.5,17.0,2024-07-19
tropical lockup patch,10,7789.0,7995.0,19.0,2024-03-04
tropical lockup ss tee,12,26237.0,3379.5,19.0,2024-03-04
tropical skull patch,10,7789.0,7995.0,19.0,2024-03-04
turn and burn ss tee,10,29392.0,405.0,17.0,2024-07-19
turret card wallet,9,17097.0,4404.5,21.0,2024-11-21
ucr ifak pouch,2,50597.0,11203.0,20.0,2024-02-19
uniform hat - adjustable,7260,13225.083333333334,518230.5,17.25,2024-12-21
"universal (compact) / black / drop leg (right hand) - sku: rgl2dl-
uni-cmpct-bk-rh",3,181596.0,48559.0,17.0,2024-08-02
"universal (compact) / black / mid-ride (right hand) - sku: rgl2mr-
uni-cmpct-bk-rh",9,157375.0,126247.0,17.0,2024-08-02
universal kydex holster,18,52103.0,204166.0,9.0,2024-02-02
utili-t 3pk s/s t,612,48502.95238095238,103475.23809523809,17.142857142857142,2024-12-30
utility l/s polo,87,53791.4,65495.4,18.2,2024-08-26
utility s/s polo,214,47652.75,98743.5,16.5,2024-08-26
utility s/s polo tall,4,45798.0,22044.0,21.0,2024-01-26
v.xi xtu mc pant,17,296221.0,43245.3,19.0,2024-03-04
v.xi xtu rp l/s mc shirt,6,228512.0,29436.0,19.0,2024-03-04
vent-tac hat,15,33266.0,37562.0,14.0,2024-08-05
viva mãxico keychain,25,10203.0,26156.0,19.0,2024-08-26
w stryke pdu twl ls cl a,1,118078.0,6261.0,24.0,2024-12-21
watch jacket,13,122191.0,31478.0,17.0,2024-03-11
watch jacket camo,5,145376.0,56834.0,18.0,2024-11-15
"wedge, blk",12,187807.0,129469.0,26.0,2024-12-21
wgt vest plate 5.75 2.0,2,109778.0,25284.0,20.0,2024-02-19
wm abr pro pant,160,87352.91304347826,45652.739130434784,18.608695652173914,2024-08-26
wm abr pro shirt ls,90,79881.2,36147.2,18.7,2024-05-25
wm atac 2.0 8 sz,77,144200.25,226243.0,18.75,2024-03-11
wm camo crest ss tee,13,36717.0,8912.0,14.0,2024-12-30
wm cl a fast-tac twl l/s,9,62136.6,6774.2,14.6,2024-08-02
wm company pant 2.0,121,79220.81818181818,52421.181818181816,18.181818181818183,2024-08-02
wm fast-tac cargo pant,2,70358.0,6701.5,14.5,2024-06-07
wm fast-tac l/s shirt,1009,57975.15151515151,122249.54545454546,14.333333333333334,2024-12-30
wm fast-tac s/s shirt,550,43530.25,117011.1875,16.625,2024-08-02
wm fast-tac urban pant,506,52648.242424242424,55574.84848484849,14.606060606060606,2024-08-02
wm l/s taclite shirt,851,73733.03225806452,102714.48387096774,17.129032258064516,2024-11-15
wm l/s taclite shirt tdu khaki l,4,107525.0,19048.0,24.0,2024-12-21
wm l/s taclite shirt tdu khaki m,2,107525.0,9524.0,24.0,2024-12-21
wm l/s taclite shirt tdu khaki s,3,107525.0,14286.0,24.0,2024-12-21
wm marksman s/s shirt,155,4208.5,29581.0,18.0,2024-07-05
wm ntrs ovrlandr ss tee,6,26237.0,3379.5,19.0,2024-03-04
wm pdu l/s a-cl twl shirt,64,52370.5,48849.5,13.0,2024-04-30
wm pdu s/s a-cl twl shirt,106,71907.25,143331.75,16.25,2024-04-10
wm performance polo l/s,11,67476.0,15450.25,16.0,2024-11-21
wm performance s/s polo,162,44056.57142857143,68731.57142857143,16.571428571428573,2024-10-28
wm professional s/s polo,178,68793.76190476191,31108.428571428572,17.476190476190474,2024-11-15
wm ripstop tdu pant,171,78452.80952380953,30833.47619047619,15.285714285714286,2024-12-30
wm stryke pant,28,104152.0,2220.0,20.0,2024-02-19
wm stryke pant khaki 10 r,2,140806.0,24944.0,24.0,2024-12-21
wm stryke pant khaki 12 r,1,140806.0,12472.0,24.0,2024-12-21
wm stryke pant khaki 14 r,1,140806.0,12472.0,24.0,2024-12-21
wm stryke pant khaki 16 r,1,140806.0,12472.0,24.0,2024-12-21
wm stryke pant khaki 2 r,1,140806.0,12472.0,24.0,2024-12-21
wm stryke pant khaki 4 r,2,140806.0,12472.0,24.0,2024-12-21
wm stryke pant khaki 6 r,3,140806.0,18708.0,24.0,2024-12-21
wm stryke pant khaki 8 r,4,140806.0,49888.0,24.0,2024-12-21
wm stryke pant tdu green 16 r,1,140806.0,12472.0,24.0,2024-12-21
wm stryke pant tdu green 6 r,2,140806.0,24944.0,24.0,2024-12-21
wm stryke pant tdu green 8 r,1,140806.0,12472.0,24.0,2024-12-21
wm taclite pant,1240,59851.579365079364,42259.63492063492,17.817460317460316,2024-12-21
wm tclt pdu a-class pant,1819,80350.4705882353,148013.0,16.03921568627451,2024-12-30
wm tclt pdu l/s b-cl shrt,1267,77135.11764705883,173872.4411764706,16.88235294117647,2024-12-30
wm tclt pdu s/s b-cl shrt,836,88785.51612903226,105544.96774193548,16.70967741935484,2024-11-21
wm utility s/s polo,14,42625.0,9703.333333333334,15.0,2024-06-13
wmn ls taclite tdu shirt,7,75324.0,14959.5,14.0,2024-04-10
womens apex pant,30,96648.33333333333,12668.083333333334,19.083333333333332,2024-07-05
woodland camo fill hoodie,13,45154.75,11393.0,17.0,2024-07-11
wyatt print s/s shirt,28,6357.0,16616.6,14.0,2024-12-30
wyatt s/s plaid shirt,16,63035.0,3588.25,18.0,2024-11-06
